,아바타: 물의 길 : 네이버 영화,user,review
0,"<아바타 2> 주인공 ""네이티리"" 캐릭터 컨셉 아트 이미지 대공개... ",insu****,"




아바타 2

감독
제임스 카메론
출연
시고니 위버, 스티븐 랭, 조 샐다나, 샘 워싱턴
개봉
2017 미국

리뷰보기


​*** 아바타 2 (2017) ***장르: Sci-Fi, 판타지, 모험, 액션감독: 제임스 카메론주연: 조 셀다나 (네이티리 역), 샘 워싱턴 (제이크 설리 역), 시고니 위버 (그레이스 어거스틴 역), 스티븐 랭 (마일즈 쿼리치 역)...국적: 미국북미 개봉일: 2017년 12월 25일2017년 12월 25일 북미 개봉작으로 기대를 모으고 있는 영화 아바타 2...특히나 주인공 ""네이티리"" 의 캐릭터 이미지가 공개가 되어서 올려봅니다.배우 조 샐다나와 샘 워싱턴, 시고니 위버 그리고 스티븐 랭까지 전편에서 출연했었던 배우들이 그대로 출연을 하고 있어서더욱 기대가 되는 영화인 것 같습니다. 아무튼 제임스 카메론 감독의 영화 아바타 2편을 시작으로2018년 아바타 3와 2019년 아바타 4까지 진행되고 있어서 앞으로 더욱 기대되는 영화 아바타인 것 같습니다.
"
1,2014년에 이글을 읽는사람들에게..,xnzm****,"
2014년에 아바타2가 개봉하다니ㅋ
 
아바타1,, 정말 재밌게 봤었는데
 
물론 지금 이글을 쓰고있는 시간은 2011년 5월이지만
 
다시 생각해도 아바타 정말 걸작중의 걸작이다!! 
 
2편은 판도라바다?를 배경으로 만든다는데...
 
아무튼 재밌겠다.보러 가야지ㅋㅋ
 
현재 2011년에는 3d 4d가 유행인데
 
2014년엔 5D 나오려나?ㅋㅋㅋ
 
3년뒤니깐 나올수도 있겠지..
 
지금으로부터 3년전 2008년만 해도
 
영화를 3D로 본다는건 상상도못했었는데ㅋㅋ
 
암튼 과학기술의 발달은 정말 빠른것같다ㅡ
 
이제 미래에 대한 몇가지 예측들을 해보겠다.. 
 
 
 
 
 
 
 
2014년
 
예측 1.  (영화)
 
i ) 아바타 2
 
대부분 1편에서 흥행성공한 영화들은
 
후속작에서 망하던데..
 
아바타도 과연 그럴까??
 
내 생각엔 아바타2도 흥행 성공 할것같다.
 
왜냐하면 스케일이 크거나 cg가 화려한 영화들은 
 
지금까지 후속작에서도 성공을 해왔다.
 
마찬가지로 아바타2도 성공할것이다.
 
 
ii ) 스파이더맨 4 (어메이징 스파이더맨?)
 
정말 기다려지는 영화중 하나이다.
 
현재 소식으로는 2012년 7월달에 개봉한다는데
 
1년 조금 넘게 남았네.
 
아..미래 사람들은 이미 대부분 다 봤겠지만
 
아직 전 안봤습니다...이해 해주세요
 
 
 
 
 
 
 
 
예측 2.  (정치)
 
현재 이명박 씨가 대통령이다.
 
내년(2012년)이면 대통령 선거를 한다.
 
내 생각엔 박근혜가 대통령이 될것같다.
 
 
  
 
 
 
 
예측 3.  (국제)
 
2011년 후반기~2014년 안에 
 
몇차례 북한의 남한도발이 있을것같다..
 
그로인해 많은 피해자가 생길것이다.
 
최근 북한의 도발사건으로는 연평도사건이나 천안함 사건이있음.
 
 
 
 
 
 
 
 
 
 
 
 
 
 
 
예측은 여기까지..
 
일종의 타임캡슐이니 2014년 전에 열어보시면 안됩니다~
 
만약 제가 그때 다시 이글을 발견한다면 댓글을 달겠습니다..
 
지금까지 2014년에 살아있을지 모르는 2011년 사람의 글이었습니다.
 
"
2,"[필독, 스압] 위대한 지휘관, 쿼리치대령을 추모하며...",alwa****,"
영화 아바타는.끝까지 우리 인류의 번영과 이익을 위해 사투를 벌이다 죽어간 위대한 장군, [쿼리치 대령] 이 부하인 [제이크설리] 의 배신으로 끝내 죽음에 이르기까지의 일대기를 그린 다큐멘터리 영화입니다. 로마제국의 율리우스 카이사르는, 고대유럽세계 전부를 통일했으나 마지막에 브루투스의 배신으로 죽습니다. 마찬가지로 판도라행성의 쿼리치대령역시, 부하에게 다리수술을 해주겠다며 약속을 지켰지만끝내 장애인 제이크설리의 배신에 비극적인 죽음을 맞습니다. 저는 다시한번 위대한 지휘관,쿼리치대령을 추모하며 이 글을 바칩니다.  [쿼리치대령의 훌륭한 인품] - 인품왕 쿼리치  쿼리치대령은 비록 계급은 장군에 이르지 못한체 대령으로써 삶을 마감했지만, 그는 성인남성 대부분이 군필자인 대한민국 시청자들 입장에서 볼때 그 누구보다도 위대한 장군이었습니다.  1. 영화초반부, 신병들에게 훈시하는 쿼리치 대령▶ 쿼리치대령은 처음 판도라행성으로 온 신병들에 대한 기본교육 및 훈시를 부하장교들에게 맡기지 않고 스스로 합니다. 판도라행성으로 처음 넘어온 병사들 중에서는 인류의 배신자, 제이크설리도 끼어있었습니다. 뒷골목 쓰레기인생이었던 그가 위대한 지휘관, 쿼리치대령을 처음 만나는 장면이죠.  쿼리치대령은 얼굴에 난 자신의 상처를 보여주며, 신병들의 군기를 바로잡고 교육합니다. 군필자들은 다들 공감하시겠지만,쿼리치대령의 신병교육 및 훈시과정에는 그 어떤 폭력도, 욕설도 없습니다. 너무나도 점잖은 군인이며, 선진화된 병영문화의 확립을 위해 노력하는 깨어있는 지휘관이죠.  2. 자기관리가 투철한 쿼리치 대령 - (운동왕 쿼리치)▶ 쿼리치대령은 무려 1952년생 입니다. 아바타가 개봉한 2009년 무렵에는 만 나이로 계산해도 무려 57세로, 한국식 나이계산법이라면 환갑에 가까운 나이입니다. 그러나 그는 영화내내 터프한 남성미와 터질듯한 근육을 자랑합니다. 대령은 판도라행성에 주둔한 군대의 총 지휘관이면서 병사들의 생명은 물론, 동시에 과학자 및 비전투인원들의 생명과 재산까지 지켜야하는 막중한 책임을 짊어지고 있습니다.. 그런데도 틈틈히 시간내서 운동을 합니다. 젊은 제이크 설리에게, '판도라행성은 지구보다 중력이 약하기때문에 꾸준히 몸을 단련해야 한다' 는 애정어린 충고까지 건내죠. 세상에.. 대령이 일개 사병에게 웨이트 트레이닝을 개인지도 하다뇨..마치 아버지와 아들 같습니다. 그러나 제이크설리는 깨끗하게 대령의 뒤통수를 치죠, 혹시 고향이 콜로라도가 아닌지 의심되는 순간입니다.   3. 제이크설리와의 약속을 지킨 쿼리치대령 (약속왕 쿼리치)▶ 제이크설리는 처음 판도라행성에 와서는 인류의 이익을 위해 노력합니다. 미개한 나비족의 거주지이 거대한 홈-트리(Home-tree 집나무) 의 구조에 대해서 쿼리치대령에게 보고하곤 합니다. 영화중반, 제이크설리가 수집해온 정보에 만족한 쿼리치 대령은 제이크설리와의 '약속'을 지킵니다. 무려 임무로부터 제대시켜주고,뿐만아니라 지구로 돌아가서 불구가된 설리의 하반신을 완치될 수 있도록 수술비용까지 제공해줍니다. '나는 약속은 지킨다 수고했다' << 캬... 남자입니다. 이 영화 최고의 명대사는 '아이씨유' 따위가 아니라 '나는 약속은 지킨다' 입니다.그러나 제이크설리는 깨끗하게 대령의 은혜를 뒤통수로 갚습니다.   [쿼리치대령의 눈부신 전술 - 전술왕 쿼리치] 1. [하이라이트] 군사학적 관점에서 살펴본 쿼리치대령의 위대함.▶  쿼리치대령은 군사학적 관점으로 바라보았을때 매우 뛰어난 지휘관입니다. 설명들어가겠습니다.  1) 많은분들이 오해를 하시는데, 영화 아바타는 '인류전체 VS 미개한 나비족' 이 아닙니다.정확히 말하자면, 판도라 행성에서 많이나는 희귀광물을 채취하기위한 '일개 광산회사' 가 판도라행성으로 간 것이고. 판도라행성에는 야생동물과, 특히 인류처럼 지성을 가진 원주민들이 있다보니 회사에서 일개 사설경호대, 용병단을 고용한 것 입니다. 그렇습니다.영화 아바타 대결구도는[조그마한 용병대] VS [인류최대 최악의 배신자 제이크설리가 지휘하는 나비족 개떼연합군] 의 대결인 것입니다.  2) 불리한 환경에도 굴하지 않는 쿼리치대령의 불굴의 의지-> 쿼리치 대령의 임기응변은 탁월했습니다. 말씀드렸다 시피, 쿼리치대령의 군대는 국가가 운영하는 상비군이 아니라 회사가 지구에서 돈으로 계악서를 쓰고 소집한 용병들입니다. 영화중반부, 홈트리를 공격할때 흰눈깔이 인상적인 여배우, '미셸-로드리게즈'가  '내 계약서엔 이런거 없었어-!' 하면서 제멋대로 전선을 이탈할때, 용병이라는 점이 잘 묘사되죠. 뿐만아니라 쿼리치대령은 이런 열악한 물적, 인적 환경속에서도 눈부신 리더쉽과 창의력을 발휘합니다. 알다시피 아바타행성에 온 인류는 '광물 채광'이 최대목적인 집단입니다. 영화를 보신분들은 다 아시겠지만 채광이 목적인만큼, 인간들은 광산개발에 필요한 굴삭기, 불도저, 트럭과 같은 중장비는 엄청난 규모로 가지고 있습니다. 하지만 쿼리치대령이 보유한 전투병기는 전혀 화려하지 않습니다. 전문적인 공격용 우주전함이나, 전투기는 한대도 없고.공군전력이라고 해봐야 지구에서는 이미 퇴역하고, 제 3세계에서나 종종쓰는 '모스키토급 전투헬기' 수십대가 쿼리치대령이 보유한 전력의 전부였습니다. 육군 꼬라지는 너무처참해서 말도 못할 지경입니다.현대 기계화부대의 핵심인 자주포나 전차, 장갑차는 단 한대도 보유하지 못한것이죠. 미래가 배경임에도 불구하고보병들은 맨몸뚱아리로 개인화기 하나 달랑들고 인류의 번영을 위해 뛰어다닙니다 ㅠㅠ.. 지구에서 계약서에 싸인하고 머나먼 판도라행성까지 넘어온 용병들..그들도 누군가의 아들이요, 남편이요,, 그리고 아버지였겠죠... - (여보 돈 많이 벌어올께! 애는 잘있지? 아빠해봐 아.빠 ^^) - (아들! 이번에 아빠가 판도라에서 돈 많이 벌어오면 컴퓨터 사줄께!!) - (어머니, 저 이번일만 잘 해결되면 진짜 용병일 손 씻을거에요. 올 12월에 계약만료라니까 그때 돌아오면 우리 새아파트로 이사가요 ㅎㅎ ) - (아버지!! 저 취직했어요 아버지!! 판도라행성 파견근무인데 회사에서 돈 많이준대요 ㅎㅎ.. 아버지.. 제가 이번일만 마치고 돌아오면 아버지 허리수술 꼭 해드릴께요ㅎㅎ.. 아버지 보고싶습니다!)  .....   쿼리치 대령이 보유한 지상병기는, 지게차 개량형으로 개발된 2족 보행 로봇이 전부입니다.(영화내에서도 주둔지내에서 짐을 운반하는 모습이 묘사되죠) 원래는 공사장에서 굴삭기와 트럭으로는 적합하지 않은 비포장 험로에서 쓰이는 물건이죠.또는 기지내부나 대형창고 같은 공간에서 짐의 단거리 운반 및 스페이스셔틀의 물건 상-하차를 위해 제작된 빈약한 경장갑 로봇이란 말입니다. 애초부터 중장갑 전투병기가 아니었단 얘기입니다.  3) 쿼리치대령의 눈부신 임기응변 - '위기는 장군의 천재성을 드러낸다'▶ 쿼리치대령의 진가는 전투에서 드러납니다. 영화후반부, 인류의 배신자 제이크설리로 인해 인류진영은 한순간에 아수라장이 됩니다. 그러나 쿼리치대령은 동요하지않고, 차분하게 직접 전황에대해 병사들에게 브리핑 합니다. 대령의 단호한 목소리와 깔끔한 스크린 활용기술은 저 유명한 애플 신제품을 프레젠테이션하는 스티브잡스 귀쌰대기를 후려칠 정도죠. ▶ 쿼리치 대령의 과감한 결단대령은 부하들앞에서 하는 브리핑에서, 선제공격을 제안합니다.인류의 배신자 제이크설리의 선동에에, 비록 미개하다고는 하나 나비족이 단 며칠만에 수백명에서 2,000여명 규모로 늘어난것을 보고 내린 결단이었죠. 대령의 선제공격 제안은 전술학적으로도 아주 정확했습니다.시간을 계속주면 나비족연합군은 계속 늘어날 것이고, 아마 만단위를 넘어가면 나비족이 먼저 인류군의 기지를 공격해올테니까요.  쿼리치대령은 그런상황이 일어나도록 내버려둘수는 없다고 단호히 역설합니다. [쿼리치대령의 전술목표]는 간단했습니다. 1. 신속한 전격전을 펼쳐, 판도라행성 나비족들이 숭상하는 '영혼의 나무'로 단숨에 진입.2. 그곳을 파괴시킴으로써 나비족 특유의 교감시스템, '샤헤일루 네트워크'를 차단.3. 중요거점이자 적의 성지를 파괴함으로써 나비족의 대규모 연합을 막고, 저항의지를 상실케 한다- 너무나도 적절한 전략이죠.오늘날 현대전에서 적국의 통신&네트워크 설비가 밀집된 수도를 공략하는것과 같은 이치인 것입니다.  ▶ 말씀드렸다시피 대령이 가진 군대는 미약했습니다. 채굴회사를 보호하기 위한 목적으로 급조된 용병대에 불과합니다.인류군대는 전문적인 우주전함이나, 전투기, 폭격기가 하나도 없는 상황이었죠. 이때 쿼리치대령은, 어선을 전함으로 무장시킨 충무공 이순신의 의지에 필적하는 창의력을 발휘합니다. 바로 카고쉽(수송기) 를 개조하여 폭격기처럼 활용하고.광산발파용 폭탄을 가득 묶어서 폭격기의 재래식폭탄처럼 대체하는 방법이었죠. 뿐만아니었습니다.수송기는 오로지 짐을 운반하기위해 만들어진 비행기로써, 적 공중병력에 대해 대공방어능력이 취약하지않습니까? 이에 쿼리치대령은 수송기의 지붕구조가 평탄하고, 면적이 넓다는점에 착안.무려 수송기 지붕위에 간단한 공구리를 치고, 모래주머니를 쌓아서 참호를 만듭니다.그리고 거치기관총을 설치하고 보병을 배치하는것이었죠. 쿼리치대령은 모든면에서 전술적으로 완벽했습니다.. 다만 아무리 뛰어난 쿼리치대령 조차도..'인간이 인류를 배신하고 외계인편에 붙는놈이 내부에서 나온다' 라는것은 소설가가 아닌이상 도저히 상상할 수 없는 상황이었죠. 물론 이 시점에서야, 쿼리치대령이 제이크설리에게 배신을 당한 이후이긴 하지만,그렇다곤해도 모든상황이 너무나도 갑작스럽고, 생소했던것입니다.  '비겁한' 제이크설리가인간군대의 레이더성능을 저하시키기위해, 전자장-볼텍스 구역을 전장으로 선택하는 등의 '전술적 카운터'를 날릴 수 있었던 이유는, 애초에 그가 인류의 품 안에서 배우고 자랐던 인간이기 때문이었습니다.  2. 제이크설리의 치사한 주인공버프, 치트키 사용.▶ 영화를 보면 아시겠지만, 여러가지 불리한 상황에도 불구하고 쿼리치대령은 전투를 유리한 방향으로 이끌어갔습니다. 다소간의 손실은 있었지만, 지상에서는 횡대로 밀집한 보병들의 일제사격으로 나비족 기마대의 돌격을 효과적으로 방어했죠. 뿐만아니라 퇴각하는 나비족 지상군은 모스키토급 전투헬기인 '스콜피온'이 바싹 추격하며  네이팜탄으로 모조리 불사르게되면서, 인류군대는 완벽한 승리를 거두는 듯 했습니다.  아.. 이후는 알다시피 인류의 배신자, 설리년의 기도에 응답한 미개행성의 천박한 여신인지 창년인지 모를 에이와가 치트키를 사용해버리죠.. (행성생명체 총 동원!) 밸런스붕괴인 것입니다. 2차 세계대전 무렵, 북아프리카전선에서 나치독일의 장군인 롬멜이 연전연승을 거뒀음에도 장비와 물자의 보급이 부족하여 본국으로 퇴각할 수 밖에 없었듯이, 한정된 사설 급조용병단이 전부인 쿼리치대령역시 거기까지가 한계였던것 입니다. 아무리 대령이 뛰어나고 용감한 군인이라고 해도,일개기업의 한정된 병역자원 만으론 원시행성 전체의 생명체들과 싸워 이길 순 없었던 것입니다...  [체력은 국력, 맞짱왕 쿼리치]  제이크설리의 주인공 버프 + 미개행성여신 에이와년의 치트키 시전앞에쿼리치대령은 휘하 대부분의 병력을 잃고맙니다. 그러나 쿼리치대령은 절망적인 상황에서도 불굴의 의지를 발휘합니다.추락하는 건쉽에서 지게차 대용에 불과한 2족 보행로봇을 타고 그대로 뛰어내리는 상남자의 모습을 보여주죠. 그는 최후의순간까지도 싸우는, 진정한 군인이었던 것입니다.쿼리치대령은 모든 병력을 잃고 홀로된 상황에서도 전술적 이성을 유지합니다.나비족 총지휘관이자, 나비족 아바타로 움직이고 있는 제이크설리의 [인간본체] 를 노리는 작전이었죠 계획대로만 된다면,이미 인간군이 큰 피해를 입었다고 해도 나비족연합군 역시 구심점을 잃고 치명타를 입었겠죠 그러나 아쉽게도 결정적인 순간에서 네이티리년이 '판도라온라인 운영자' 에이와한테 받은 사기템 '외계 정글호랑이'를 타고 난입- 훼방을 놓습니다. 그런데 1:1 맞다이에서도 대령은 놀라운 무용을 뽐냈습니다. 1. 기관총을 놓친 상황에서 육탄백병전으로 거대한 외계 정글 호랑이를 놈의 홈그라운드에서 제압.2. 외계행성 남자와 정분난 네이티리년도 제압.3. 주인공 버프받아서 로봇이랑 칼싸움 대등하게 펼치던 제이크설리도 제압.  하지만 마지막에 두놈년의 치사한 2:1 다굴때문에 끝내 화살을 맞고 죽고 말죠...    -----------------------------------------------------------------------------   글을 마치며,, 개인적으로.. 아바타2 에서는 '토루크 막토'로써 나비족 대연합위에 '왕(王)' 으로써 군림하며, 호의호식하고 초심을 잃은 제이크 설리와, 외부행성 남자에게 잘 보이겠답시고 '종의 균형'을 깨뜨린 음탕한 여신, '에이와'년의 머리위로. 인류제국의 막강한 우주함대가 도착,판도라행성 대기권 바깥에서 무시무시한 궤도폭격을 퍼부음으로써 천박한 생명체들을 말살하고, 배신자인 설리가 비참한 최후를 맞이하였으면 좋겠습니다. 원시행성 여신년에게 인류의 크고 아름다운 핵 불기둥을 꽂아주고싶네요..
"
3,"아바타2 3,4 제작소식 모음",soqu****,"
 
 
 
<<  아바타 속편 제작소식 모음  >>
 

 
 
안녕하세요. 오늘은 전세계 최대 흥행 작품이죠. 아바타의 속편 제작 소식에 대해 포스팅 하게 될텐데요. 사실 아바타는 타이타닉 직후 제임스 카메론이 제작을 추진했지만 카메론의 생각과 현실적 기술이 일치하지 않아 제작을 미루게 되다가 2008년 개봉 하려 했지만 카메론의 완벽주의 때문에 결국 2009년 겨울 개봉을 했지요. 아바타 속편도 본래 2014년 겨울에 개봉할 예정이였습니다만 꼼꼼히 준비하는 카메론의 성격상 미뤄지게되었는데요. 자 그렇다면 아바타 속편의 진행사항을 함께 보도록 하시죠.
 
 
 
 
 
 
 
 
 
1. 기획과정
 

 
 아바타1을 제작하고 있던 제임스 카메론은 2006년경 ""만약 아바타가 흥행에 성공하게 되면 추가적으로 두편의 후속작을 내놓고 싶다.""라는 인터뷰를 통해 1편의 시나리오를 짜면서 속편을 염두해두고 있다는 발언을 했는데요. 이후 2010년, 아바타가 흥행에 대박을 내자 속편제작을 확정지었습니다(Confirmed). 이후 2010년 8월 카메론은 두편을 연속으로 촬영, 제작해 1년마다 연이어 (Back to back)개봉하겠다고 말했죠.
 
 
 
 
 
 
 
 
2. 개봉날짜
 

 
아바타가 한창 인기를 끌던 2010년 초, 아바타의 관계자는 아마 2편은 빠르면 2014년 12월경, 3편은 2015년 12월경에 개봉할 것 같다며 기대감에 불을 붙였는데요. 하지만 Entertainment Weekly와의 인터뷰에서 제임스 카메론은 그 시기까지 개봉을 준비하려면 시간이 너무 촉박하다며(Hard at work) 부인했죠. 그러던 2012년 초 아바타2는 적어도 2016년 12월은 되야 개봉하고 아바타3는 그 이듬해인 2017년 12월경에 개봉한다고 해 많은 아바타 팬들에게 좌절감(?)을 주었습니다.
 
 
 
 
 
 
 
 
 
3. 제작 정보
 

 
카메론은 2010년경, 아바타2(The first sequel)의 주 배경은 판도라 행성의 바다가 되겠지만 판도라 행성의 바다만 나오는 것은 아니며 아바타1에 나왔던 숲도(rainforest from the original movie) 배경에 종종 등장할 예정이라 인터뷰하죠. 또 2011년 12월, 카메론은 2편과 3편은 함께 촬영할 예정이라 발표하면서 주제는 1편과 동일하게 환경에 대한 이야기를 하겠지만 1편처럼 직접적이게(Strident) 설명하진 않는다고 말합니다.
 
2012년 카메론은 ""아바타의 속편은 호빗과 마찬가지로 HFR로 촬영할 예정이다.""라고 발표해 호빗과 같이 HFR 48프레임으로 촬영한다고 말했는데요. 기존의 영화는 24프레임이 인데 48프레임은 3D에 아주 최적화 된 프레임이라고 할 수 있죠.
 
또 이 자리에서 카메론은 기존 1편의 메인 캐릭터였던 샘 워싱턴이 맡은 '제이크'와 조 샐다나가 맡았던 '네이티리' 모두 속편에 등장한다고 했으며 Entertainment weekly와의 인터뷰에서 영화 관계자가 죽었던 캐릭터라고 해서 속편에 등장하지 않는 건 아니다.라는 발언을 해 아바타 1편에 죽었던 인물들이 다시 출연할 수 있다는듯한 암시(Implies)를 주었습니다.
 
2012년 5월, 카메론은 반가운 소리를 했는데요. 카메론은 아바타가 2편, 3편을 개봉하면서 그 다음해인 2018년에 아바타4편이 아마(maybe) 만들어 질 수 있다고 말해 아바타4가 제작될 수 있다는 암시를 주었으며 시고나 위버가 6월, 3편에 후속작은 3편이 동시에 제작된다고 말해 아바타4의 제작사실을 확정지어줬습니다. 카메론은 2012년 9월 MTV에서 아바타4의 컨셉은 1편의 35년전을 배경으로 하는 프리퀄이 될 것이다라고 말했습니다. 또 같은달 타이타닉 3D Bluray를 발매하는 자리에서 현재 아바타2와 3의 각본을 쓰고있다고 말했습니다.
 또한 2013년 12월 카메론은 아바타2와 3는 '제이크'의 시각을 중심으로 운영되며 판도라 행성에서 낳아진(creates) 제이크의 가족들이 이야기에 많은 역할을 할 것(Family Sega)이라고 말하면서 대부 트릴로지와 비교를해 전체적인 스토리라인이 대부 시리즈와 비슷할 수 있다는 암시를 주기도 하였죠.
 
2011년 4월 12일 The Hollywood Reporter에 따르면 아바타의 속편들을 촬영할 장소로 맨하탄 스튜디오를 꼽은적이 있는데 2013년 12월 16일, 카메론은 3편에 후속편이 뉴질랜드에서 촬영될 것이라 언급했는데요. 적어도 웰링턴은 촬영대상에 무조건 포함되며 뉴질랜드에서 적어도(at least) 4.12억달러를 사용할 것이라고 말해 대략의 제작비 추측을 가능케 했습니다.
 
또한 2013년 10월 18일 호주의 한 라디오 프로그램에서 샘 워싱턴은 현재 각본은 완료된 상태이며 영화의 배경인 판도라 행성을 만들고(build) 있으며  확실하진 않지만 아바타 속편들의 공식 촬영 일정은 2014년 10월경부터 시작한다고 합니다. 
 
 
 
 
 
 
 
 
 
 
 4. 캐스팅 정보
 

 
 
1. 샘 워싱턴(Sam Worthington) - 제이크 설리(Jake Sully) 역
 
아바타의 타이틀 롤이죠. 제이크 역의 샘 워싱턴이 2014년 1월 15일,  카메론의 언급에 의해 캐스팅이 발표 되었습니다. 사실 샘 워싱턴은 아바타 1편 캐스팅 당시 제임스 카메론이 제작비를 줄이기 위해 무명의 배우를 선택하기 위해 발탁된 배우인데 지금은 엄청난 스타가 되어있죠. 카메론의 언급에 따르면 제이크 설리는 보기 드물게 열정과 강인함, 똑똑함을 가지고 있는데 샘은 영민함과 유연함, 그리고 강인함(Strength)를 가지고 있어 이번 속편에서도 샘 워싱턴과 함께 일을 하겠다고 밝혔네요.
 
 
 
 
 
 2. 조 샐다나(Joe Saldana) - 네이티리(Neytiri) 역
 
샘 워싱턴과 아바타를 이끌어 가는 한 축인 네이티리역에 조 샐다나가 재발탁 되었습니다. 샘 워싱턴과 마찬가지로 1월 15일, 카메론의 언급에 의해 캐스팅이 대중들에 공개 되었구요. 언급하는 자리에서 카메론은 ""조는 내가 네이티리에 대해 구상하고 있는(envisioned) 모든 면을 가지고 있다.""며 ""네이티리는 섬세함과 날카로움 그리고 상당한 신체능력을 가지고 있는데 조는 이를 모두 가지고 있어 아바타에 다시 참여하자고 부탁했다.""라고 캐스팅 이유를 밝혔습니다.
 
 
 
 
 
 3. 시고니 위버(Sigourney Weaver) 
 
2010년 10월경 대중들에 아바타 1편에서 죽은걸로 나오는 Dr. 그레이스 어거스틴(Grace Augustine)역의 시고니 위버가 아바타 속편에 출연을 확정지었다는 소식입니다. 현재 그녀가 부활을 할지 아니면 동생으로 나올지는 아니면 프리퀄에만 나올지는 모르는 상태입니다. 터미네이터 속편에서도 아놀드 슈왈제네거가 신선한 방법으로 재출연 했는데 시고나 위버가 어떠한 방식으로든 나온다고 하니 어떻게 그녀가 나올지 궁금합니다.
 
 
 
 
 
 4. 스티븐 랭(Stephen Lang)
 
  아바타 1편에서 악역으로 나와 결국 죽음을 맞이했던 '스티븐 랭' 역시 속편에 어떠한 방식으로 나올지는 모르지만 캐스팅을 확정 지었습니다.
 
 
 
 
 
 
 
 
 
 
 
5. 작가 라인업
 

 아바타 속편 작가진
 

  
조쉬 프리드먼
 
릭 자파 & 아만다 실버
 
쉐인 샐러노
대표작: 우주 전쟁(2005) 
대표작: 혹성탈출1(2011) 
대표작: 아마겟돈(1998)
2013년 8월 1일 카메론의 발표에 의해 스티븐 스필버그의 우주 전쟁의 각본을 써주고 터미네이터 시리즈의 사라 코너 연대기의 각본을 써 카메론과 함께 일한 경험이 있는 조쉬 프리드먼이 아바타 속편의 작가진에 합류했습니다. 
혹성탈출 리메이크 버전인 혹성탈출 : 진화의 시작과 최근 개봉할 예정인 혹성탈출 - 반격의 서막 각본을 맡은 릭 자파 & 아만다 실버가 아바타 속편 각본을 맡았다는 소식입니다. 개인적으로 혹성탈출을 너무 재미있게 봐서 상당히 기대되는 바 입니다. 
아마겟돈과 에이리언 vs 프레데터2의 각본을 쓴 쉐인 샐러노가 2013년 8월 1일 아바타 속편의 작가진으로 확정 되었습니다.
 

 
 
 
 
 
 
 
 
 
 
 
 
 
 
 
6. Fan Art
 

 
 
 
 
 
 
 
 
 
 
 
 
 
"
4,아바타2 스토리,doub****,"
전작의 경우 cg는 혁명적이었지만제임스 카메론이 14년동안 구상한거 치곤 스토리가 매우 평이하다는데에 주목해야한다정말 14년동안 구상한 스토리가 그런 평이하며 단순한 스토리일까?또한 아바타2의 개봉예정시간은 2018년이미 발달 할대로 발달한 특수효과 기술과 거기에 익숙해진 관객들의 눈에는 더이상 아바타의 cg는 별다른 감흥을 주지 못할것이다그걸 제임스 카메론이 생각치 못할까?절대 그럴리 없다즉 우리는 아바타2,3,4가 어떤 그래픽혁명을 보일것인가 라기 보다는 스토리에 집중해야 한다그렇다면 제임스 카메론은 어떻게 스토리를 이어 나갈것인가필자는 에이와에 그답이 있다고 생각한다작중묘사를 보면 에이와는 신이 아니다처음 에이와는 나비족이 믿는 단순히 종교적인 신으로 묘사되고후반에 가면 제이크 설리의 기도에 응답해 판도라 행성에 서식하는 수많은 종족을 움직여 전투를 지원해준다 즉 에이와는 실체한다는거다 그렇다면 에이와의 정체가 무엇인가? 작중 초반을보면 그레이스 박사와 그녀의 조수가 판도라 행성의 식물을 조사하는 장면이 나오는데뿌리에서 뿌리로 나무끼리 신호를 전달한다고 나온다또한 샤헤일루(교감) 능력을 판도라 행성에 존재하는 모든 동물들은 기본적으로 간직하고 있는데샤헤일루를 사용하면 자신의 생각을 타동물에게 전할수 있게된다. 즉 신경의 연결이라는건데 이상의 것들로 판단하자면 에이와의 정체를 명확하게 판단할수는 없지만 대강 판도라의 존재하는 모든 동식물들의 신경의 중추이지 않을까 싶다마치 저그의 오버마인드처럼여기서 우리는 제임스 카메론을 거장의 반열로 올려놓은 영화 터미네이터를 떠올려 보도록하자 터미네이터1도 명작임에 분명하지만 전편보다 나은 속편 없다는 편견을 완전히 깨부순 작품 터미네이터2에선 전편의 적이었던 t-800이 아군으로 나오는 반전이 있다이제 필자가 무슨 맗을 하려는지 눈치챘는가?그렇다 필자는 에이와가 적으로 나올것이라 생각한다 극중 그레이스 박사와 그조수가 나무 뿌리를 수집하는 장면에서 뿌리의 신경 변환속도가 이렇게 빠르냐며 놀라는 장면이 있다인간의 뇌보다 빠르다는듯한 뉘앙스인데....판도라 행성의 모든 식물이 신경망으로 연결 되어있을 테니 그 크기역시 어마어마한데그신경들의 상호작용 속도가 뛰어난 과학자 둘이 놀랄 정도로 빠르기 까지 한다면............애초에 인간수준의 지적능력을 갖춘 나비족이 신이라고 떠받드는 존재가 아닌가즉 에이와는 인간이 상상할수 없는 지성체라는것이 유추 가능하다마치 스스로 자아를 깨닫고 인간을 위협요소로 판단 인류를 박멸하려드는 하이브 마인드 인공지능 슈퍼컴퓨터 스카이넷처럼 에이와 역시 인류를 위협요소로 판단할듯 싶다.무슨 지구 정규 군대가 온것도 아니고 단순한 용병들 그것도 구식무기를 들고 싸우는 놈들 따위한테 홈트리가 박살나는 경험을한 에이와.......(아바타 설정상 전쟁씬에 나온 인류의 무기는 구식임 좀만 생각해보면 답이 나오지 않나? 상온 초전도체가 발견된 와중에 바람을 이용해 뜨는 핼기식 비행체라니?....)에이와의 잠들어있던 흉폭함이 깨어날것이다.또한 극중 후반에 그레이스 박사가 치명적인 총상을 입고 나비족 여족장에게 도와달라 부탁하는데여족장은 에이와의 힘으로 그레이스 박사를 아바타의 몸으로 이전시키고자 하지만 시간이 너무 늦었다며 성공하지 못했다 그때 다죽어가던 그레이스 박사가 회광반조하여 웃으며 그녀는 에이와는 실체해 라며 놀라워 하다 죽는데 나는 이장면도 의심스럽다     과연 정말 시간이 늦어서 안살려 준걸까??어쩌면 그녀가 갖고 있는 지식이 탐나서 그녀를 흡수해 버렸을지도 모르는 일이다.그렇다면 에이와는 어떤 대처를 할것인가  이미 우주 한편에 막강한 문명력을 갖춘 어마무시한 외계종족의 존재를 알게 됫고분명 문명 수준은 뛰어날지 모르나 개개인의 지적수준은 자신에게 한참 못미친다그런데 그들이 자기몸에 중요할지도 모르는 언옵타늄을 노리고 있으며 언제라도 다시 쳐들어와서 자신을 해칠 가능성이 있다.......이쯤되면 에이와도 경각심을 갖추고 전투태세에 임하지 않을까?2편 스토리 요약:에이와가 적이다     에이와 vs 인류3편 스토리 예상네이티리 캐리건화???? or 그레이스박사: 나는 죽음을 경험한적이 없네 나는 오늘 에이와의 용기...... ㅡ,,ㅡ;;4편 스토리 예상흠....................몰라 ㅅ...ㅂ하 또 에이와 어쩌구 저쩌구 하면 사람들이 질릴텐데...음 어쩌면 그때쯤 되면 vr기술이 일취 월장해 스토리 말고 vr기술로 승부를 볼지도에혀 심심해서 써봤는데 2시간이 날아갔네ㅜㅜ님드라 악플이라도좀 헿헿무풀이라면 눙물이 ㅡㅜ  
"
5,아바타 2 ? 1에서 끝내지 그러냐 ? / 2014. 4. 13 수정,tcs1****,"
솔까 이제 추천수 2위 ( 2013년 1월 19일 오후 10시 38분 기준 ) 먹으신
 
어느 님이 말한거처럼 스토리 바닥남 ㅇㅇ
 
이번엔 어떻게할꺼임 ?
 
또 시시하게 인간 쳐들어오는거 ?
 
들어보니까 판도라바다 ? 그게 배경이라던데
 
거기서 뭐 찍을려고? 거기서 세계 수영 선수권 대회라도 함 ?
 
솔까 스토리 물론 우리가 상상할수 없는 스토리가 나오긴하지만 
 
1편에서 잘되고 2편에서 재미 없어진 영화 많아요 ㅋ
 
트랜스포머 2 , 미션 임파서블 2 , 아이언맨 2 , 스파이더맨 2
 
등등 셀 수 없을정도로 많은데요
 
게다가 3편까지 간다하니...
 
3편까지 쭉 재밌어지고 성공한 영화는
 
별로없어요 ㅎ  예를들어 토이스토리 ? 제가 아는바론 토이스토리밖에 모르네요
 
제임스 캐머런의 명작 타이타닉 처럼 1편에서 딱하고 끝내면 좋을듯하네요
 
물론 이 글을 쓴다고 아바타2의 감독 제임스 캐머런이 이 글을 보진 않겠지만 
 
이런다고 아바타2안하진 않겠지만
 
쨋든 전 아바타1에서 멈췄으면 하네요---- 2014. 4. 13 수정 ----지금보니 존나 쪽팔리네요---- 2014.4. 22 수정 ----죄송합니다 여러분들제가 감히 제임스 갓매런의 갓바타를 모욕하다니..진심으로 죄송합니다.
"
6,이 영화보고 욕하지 말란 법 있냐? 있으면 가져와봐,ksh6****,"
				이 영화보고 욕하지 말란 법 있냐? 있으면 가져와봐 대체 몇 항 몇조항에 있는 법인지. 궁금해 미치겠다.이 영화보고 욕하지 말란 법 있냐? 있으면 가져와봐 대체 몇 항 몇조항에 있는 법인지. 궁금해 미치겠다.이 영화보고 욕하지 말란 법 있냐? 있으면 가져와봐 대체 몇 항 몇조항에 있는 법인지. 궁금해 미치겠다. 이 세상에는 수많은 종류의 사람들이 존재한다. 그 수많은 사람들이 모두 이 영화를 찬양할 것 같냐? 꿈꺠라.이 세상에는 수많은 종류의 사람들이 존재한다. 그 수많은 사람들이 모두 이 영화를 찬양할 것 같냐? 꿈꺠라.또 댓글로 인신공격하면서 막 욕해대겠지. 그래도 난 아랑곳하지 않을거야. 죄지은 것도 아닌데, 움츠려들 필요가 없으니까.또 댓글로 인신공격하면서 막 욕해대겠지. 그래도 난 아랑곳하지 않을거야. 죄지은 것도 아닌데, 음츠려들 필요가 없으니까.p.s 사실, 아바타를 욕하고 싶은 마음은 추호도 없다. 단지 왜 아바타를 욕하면 안되는지에 대한 의문이 들뿐이다. 남에게 직접적으로 피해를 준다던가, 남의 인생을 망칠만할 일을 한다면 모르겠지만, 순전히 영화얘기인데 사람은 각자마다 자라온 환경, 기질, 생각이 다르므로, 영화 아바타를 재밌게 본 사람이 있는 방면, 재미없게 본 사람도 있을 수 있는 거다.이상.결론: 아바타가 재미있는 반면, 재미없을 수도 있는거다.
"
7,<아바타2> 시고니 위버 신작 아바타 스케일도 크고 안경없이 3D로 볼수 있다,ges5****,"
12월 2일(한국시간) 미국 연예매체 버라이어티는 할리우드 배우 시고니 위버의 인터뷰 내용을 소개했다.시고니 위버는 ""'아바타' 속편 3편의 시나리오를 모두 읽어봤다. 2편은 전편보다 훨씬 스케일이 크고, 각본 또한 완벽하다. 카메론 감독이 만들어 놓은 '아바타' 환경 안에서 마음껏 뛰어놀 수 있게 됐다""고 말했다.특히 제임스 카메론 감독은 앞서 ""아타바2를 안경없이 3D로 관람할 수 있다""고 밝혀 기대가 더욱 큰 상황이다.한편 ‘아바타2’는 2018년 12월 개봉하며,‘아바타3’는 2020년, ‘아바타4’는 2022년, ‘아바타5’는 2023년 각각 예정돼 있다. 벌써부터 2,3편이 기대됩니다 
"
8,아바타2 추천합니다!!,wjdq****,"
아바타1에서 조금 아쉬운장면들이 몇몇있었는데 이번에
그 아쉬운 장면을 체워줄꺼같아 기쁨니다!!
또
최고의 캐스팅을해주세요 ㅎㅎㅎㅎㅎ
2편의 스토리는
3가지로나뉠것같은데요
1.나비족의 분열
뭐 저는이게제일 확실할거 같은데
모르죠.
2.지구인의 재침공.
이것 안나올수도
3.샘 워싱턴의 정체성 방황
아마 이것도 가능은 합니다.
극중 이름이생각안나서...
뭐 샘이 나는 지구인인가,나비족인가 하는사이에서
서서히곤란해지지만 뭐 나중에 결국지구로간다든가.
나비로 남는다는.
이야기가 펼쳐질것같은데
1편이 완성되는데는 기술력이딸려서 오랜시간이 걸렸지만
 1편이 완성됬고 완성된 기술력으로 한다면 2편이 제작되는데에는 1~2년이 걸리지 않을까 생각하는데요
 지금 배우가 그대로 이어가고 더 추가가 된다면 흥행 또한 장담할수 있을거 같애요!!
저의 예상은 아까말한 1번같은데요
제가써본 소설 보시죠
 
 
나비족행성에서 인간들이 완패하고 그들은 지구로 떠나게되죠.
나비족들에겐 외계인을 물리친 정의로운 행동이지만 인간들 입장에서는 외계행성에서
친교를 맺으려 했으나 그들이 거부, 이로써 우리도 맞대응한다는 식으로 지구에 잘못된 내용의
언론을 퍼트립니다.
인간들은 곧 나비족과의 전쟁을 한다는 말에 흥분하죠. 몇백년동안 평화가 지속됬으니까요.
하지만 인간들은 전에 한번 나비족과의 전쟁에서 완패한 기억을 잊지 못하기 때문에 다른 '방법'으로
그들의 땅을 정복시킬 방법을 궁리합니다.
 
그 방법은 바로 '아바타'
인간들은 더 발전된 기술로 자신의 아바타를 만들어 나비족으로 형상화합니다.
그렇게 해서 나비족행성으로 자신의 아바타들을 보내 그들과 똑같은 모습으로 차차 친해집니다.
자신들은 당신들이 몰랐던 새로운 부족이라고.
그렇게 생긴 '신'부족은 나비족 외에 다양한 부족들과 부쩍 친해지기 시작합니다.
 
(이부분은 영화내에서 어떻게든 제작하겠죠.생략해도 되는내용임니다.
예로들어 이곳에 파견된 아바타들중 한명이 제이크의 옛 여자친구라서
여자?들의 신경전이 펼쳐질 수도 있고 또 아바타들과 나비족중 제이크처럼
사랑에 빠지는 사람도 몇몇있겠죠.아님 친해지거나....
중간내용은 걍 생략함)
 
세월이 흘러 어느덧 때가 왔습니다.
그곳에 거주한 신족,즉 '아바타'들은 대략 5천명정도의 다수집단인데
그들의 리더가 이제 나비족을 포함한 모든 종족들을 제압하고 이 행성을 집어삼키자며
전쟁선포를 내립니다.
 
하지만,
세월이 세월인 만큼, 아바타들 내부에서도 나비족들은 그냥 내버려두자는 의견이 나왔습니다.
자신들을 신뢰한만큼 우리가 배신한다면 그보다 더 잔인한 것은 있을 수 없다는 것이었습니다.
그러나 언제나 영화에 꼭 한명쯤은 있다시피 그 리더는 섣불리 그것을 허락하지 않습니다.
자신의 명령에 불복종하면 죽이겠다는 식으로 협박까지 합니다.
어쩔 수 없이 아바타들은 리더의 의견에 동참하기로 합니다. 전원이.
 
그렇게해서 나비족행성에서는 역사상 가장 잔인하고 불행한 전쟁이 시작됩니다.
아바타들은 여태껏 숨겨왔던 총 등 신 무기로 나비족들에게 대적하고 나비족이나 다른 종족들은
여전이 활이나 칼로 상대를 하죠.
이미 이크란까지 곁들인 아바타종족은 최강의 종족이라고해도 과언이 아니었습니다.
그곳에사는 동물(재규어나 코뿔소 비슷한)들도 이번엔 누구 편을 들어줄 수가 없죠.
새로 발전된 아바타는 유전자dna등 나비족과 일치하는것도 모자라 오히려 영혼의 기운이 더욱
강하다고도 할 수있는 종족이기 때문이죠. 오히려 편을 든다면 아바타종족편을 드는것이 맞을정도로.
 
그렇게  전쟁은 파죽지세로 아바타종족이 몰고갑니다.
이번엔 1편에서 나오지않은 수중편도 나오겠죠.
바다속에서 매우 큰 동물들과 같이 싸우는 등등...
그렇게해서 수중전,지상전,공중전에서 지고 있는 나비족은 배신감을 느끼면서 어쩔 줄 몰라합니다.
 
하지만 그러던중 아바타들중 한명이 사랑에 빠진 나비족한명이 있었는데 그 나비족이 죽자,
분노하며 결국 자신들의 종족 아바타들을 칩니다.그 여파로 나비족과 친해진 몇몇 아바타들은
자신종족들과 맞대응하기 시작합니다.
수적으로 매우 우세했던 아바타종족은 5천여명이었으나,
사실상 내부분열이 다시 일어나면서
3000명 :2000명 정도로 자신들과의 싸움이 일어났습니다.
2000여명의 나비족편 아바타들은 수적으로 밀리지만 나비족과 다양한 종족들이 힘을 합치면서
그들을 몰아부칩니다. 그러나 리더가 보유한 강력한 '무기'앞에 다들 무릎을 꿇게 됩니다.
아바타들의 리더는 그 누구도 대적할자가 없습니다.토루크 막토라 할지라도.
그러나 다시 한번 제이크의 바램에 여신이 응답이라도 한듯 나비족행성의 모든 동물들이
신기하게도 적을 가려서 싸우는 것이었습니다.
 
아무리 강력한 무기를 가진다 할지언정 리더역시 수중의 동물,지상의 동물,공중의 동물들이 합세한
공격에 결국 지고 맙니다. 그렇게 자신들과의 싸움에 지친 아바타족들은 더이상 나비족행성에
머물지 않기로하며 자살을 택합니다.
물론 여기서 말하는 자살은 자신의 아바타와 자신의 연결을 끊는 것입니다.
그렇게 그들은 영혼의 나무 앞에서 집단으로 신성스런 죽을 맞이합니다.
그렇게 나비족행성에는 또 다시 평화가 찾아옵니다.
"
9,진정한 명작은 사람들이 사랑할 때 사라져 주는것<뭐래,sia0****,"
아바타 1 걍 전설이었지
2009년때 아바타 안보고 학교 오면 왕따 됬었고.....
 
근데? 시즌 2개봉? 음? 뭐래?
 
그거 개봉해서 돈 벌려구?
 
거기서 스토리 짜집기 해서 만들게?
 
마블은 스토리가 무궁무진해서 괜찮겠지만 그건 세계관도 좁고 할것도 별로 없을 거라고 감히 예상은 해 봄....
 
근데 솔직히 여러분들이 생각해도 아바타 2나온대? 어? 보긴 봐야겠지? 그런데? 어떻게 그 줄거리를 이어가? 그 행성 지키려다가 다른 외계인들이 쳐들어오나? 또 액션 엔 판타지 앤 로멘스로 갈건가?
이번엔 얼마나 더 리얼안 쉬쥐를 보여줄 건가? 별 기대 안되는게 사실....ㅠㅠ
 
 
아무리 그래도 일단 감독은 믿을만 한 사람이야...
 
그런데? 줄거리는? 어떡해...ㅠ
 
여기서 결론은 타이타닉처럼 사람들 기억속에서 거의 잊혀질 때까지 찌그러져 있다가 몇년후에 딱!
재개봉 가는거져! 전설 되는거져! 아이고야 좋은 말로 해서 그렇지 아바타 2 별 기대 안되고....ㅠㅠ
지금은 엔더스 게임이라던지.... 미친듯한 고퀄의 씨쥐가 나와서 아바타가 낄 자리가 잇겠나....
 
엔더스 게임 봣음? 씨쥐 핵 오졌음 ㅇㅇ 엔더스게임만큼만 줄거리 좋으면 좋겠다
그 영화는 진짜 완전 대박 레알 오졌는데 
물론 개인취향
아바타보단 재밌엇음 ㅎㅎ
"
10,아니 진짜,tkeh****,"
				제임스 까멜레온 감독님 제가 인정합니다.최고의 감독이십니다에일리언 2는 진짜 최고였고터미네이터 2는 너무 최고였고트루라이즈나 타이타닉 모두 최고였습니다.그리고 아바타는 너무 화려하고 멋져서 전세계 영화순위 1위입니다(진짜임)근데 무슨 2가 2013년에 나온다고 해서 2012년 되니까 2015년에 나온다고하고2014년 되니까 2017년에 나온다고 하고 2017년 되니까 2020년이 뭡니까러낼 ㄴㅋ저 군대가요 감독님제발제발1년만 빨리 개봉해주세ㅛ현기증 난다고요이러다가 2못보고 3보면 책임 지십쇼망할 군대아니 군대모집병으로 바꿔!!!!!!!!!!!!엄마 나 군대 가기전에 통일 된다며물로 그땐 사이가 좋았지....감독니머댬ㄻㄴㅍㅇㅍㅋ
"
11,시고니 위버가 <아바타> 후속편에 관한 인터뷰를 가졌다고 합니다.,riss****,"
'시고니 위버'는 <디스트릭트 9> <엘리시움>을 연출한 '닐 블롬캠프' 감독의 3월 개봉 예정 SF 영화 <채피>에 출연하는데요. 그녀는 오늘 <채피> 정킷 인터뷰에서 '제임스 카메론' 감독의 <아바타> 후속편에 관한 질문을 받았다고 합니다. 이전에 제임스 카메론 감독은 인터뷰를 통해 아바타 후속편 3부작의 각본 작업이 동시에 이루어질 것이라고 이야기 한 바 있는데요. 시고니 위버는 이러한 점들이 벅차게 느껴지는지 혹은 기대가 되는지 질문을 받았다고 합니다. 이에 그녀는 웃으면서 둘 다라고 답했다고 합니다. 그러면서 시고니 위버는 제임스 카메론 감독이 자신을 위해 만들어준 훌륭한 역할이 있다고 합니다. 그리고 그 역할은 많은 변화를 겪을 것이라고 합니다. 그녀는 제임스 카메론이 어떻게 세 편의 영화를 동시에 해낼지 궁금하다고 하는데요. 자신은 그가 계속해서 사람들에게 보여주고 싶은 메시지에 한 부분이 될 수 있어서 정말 기쁘다고 합니다. 또한 제임스 카메론이 자신에게 보여준 아트워크를 보고 그녀는 무척이나 신이 났었다고 합니다. 그리고 솔직히 말해서 그가 대본에 더 많은 시간을 쏟으면 쏟을수록 영화의 퀄리티는 더욱 괜찮아질 것이라고 하는데요. 후속편의 퀄리티는 걱정하지 말라는 것 같습니다.참고로 <아바타 2>의 개봉일은 2016년 12월에서 2017년 12월 25일로 1년 연기되었습니다. 아무래도 후속작 3편을 동시에 작업해야 하기 때문에 시간이 더욱 걸리는 것일 텐데요. 나머지 두 편의 후속편의 개봉일도 1년씩 연기될 것으로 보입니다. 이 소식은 이미 이전에 따로 전해드렸어야 했는데 이렇게 묶어서 같이 전해드리게 되었네요. 죄송합니다! 사진은 시고니 위버의 젊은 시절 사진으로 골라봤습니다. 
"
12,"월트 디즈니, <아바타> 및 <스타워즈> 시리즈 개봉 일정 전면 재조정",c106****,"
     지난 3월 20일, 21세기 폭스와의 인수합병을 공식 완료한 월트 디즈니가 <아바타> 시리즈를 비롯해 21세기 폭스가 제작 중이었던 '21세기 폭스 작품'들과 월트 디즈니가 제작을 진행하고 있었던 '월트 디즈니 작품' 간의 개봉 스케줄을 전면 재조정해 발표했습니다.     제임스 카메론 감독의 <아바타> 시리즈의 경우, 2020년 개봉 예정이었던 <아바타 2>를 2021년 개봉으로 연기시켰는데요.     <아바타> 시리즈가 개봉하지 않는 짝수 연도에는 <스타 워즈> 시리즈의 새로운 3부작을 배정했죠. 이번에 월트 디즈니가 개봉일을 전면 조정한 작품들의 명단은 아래와 같은데요.     얼마 전, 케빈 파이기 마블 사장이 북미 현지 언론과의 인터뷰에서 '폭스의 마블 캐릭터들이 MCU에 합류하기 위해서는 최소 수 년의 시간이 필요하다.'고 밝혔던 것처럼, <갬빗>을 비롯해 기존에 계획되어 있었던 폭스의 마블 무비들이 모두 전면 취소된 것을 알 수 있네요.※ 참고 기사VARIETY, Disney Announces New 'Star Wars' Films, Moves 'Avatar' Sequels, https://variety.com/2019/film/news/disney-avatar-star-wars-marvel-1203207661/
"
13,2022년 개봉영화 기대작 월별 정리(2022 개봉예정영화),silv****,"
022년 개봉영화 기대작 월별 정리(2022 개봉예정영화)지난 2017년부터 매년 12월 초에 정리하는다음 해의 월별 개봉예정영화 포스팅~올해도 어김없이 2022년 개봉영화 기대작들을월별로 정리해봤다.어느덧 6년째 이어지고 있네~ㅎㅎㅎㅎ 과연 2022년에는 어떤 작품들을기대해봐도 될지 살펴보도록 하쟈~기대작들은 지극히 개인적인 취향으로정리되었으니 참고만 해주세요~! :D<1월 : 모비우스>2022년의 스타트를 끊을 작품은자레드 레토 주연의 모비우스다.모비우스는 2020년부터 소개했었는데,2020년에도, 2021년에도 개봉하지 않았음....ㅠㅠ부디 이번에는 꼭 개봉해줘서조커로 먹었던 욕을 만회할 수 있기를!(오.... 저 눈빛 좀 보소!ㅎㄷㄷㄷㄷ)<2월 : 언차티드> 톰 홀랜드 표 인디아나 존스 라고 할 수 있는언차티드는 2022년 2월에 개봉 예정이다.톰 홀랜드는 스파이더맨에 국한하지 않고다양한 장르의 작품들에도 꾸준히 나오고 있는데,올해 2월에 개봉했던 카오스 워킹도 재미있었고,모험 어드벤쳐 장르의 언차티드도 기대됨~<3월 : 닥터 스트레인지2>3월에는 첫 어벤져스 히어로 작품이 개봉한다.바로 이름만 들어도 가슴 두근거리게 만드는닥터 스트레인지2~ㅎㅎㅎㅎㅎ닥터 스트레인지2 부제가멀티버스 오브 매드니스라 제목 그대로미친(?) 멀티버스를 보여줄 것으로 예상되는데,과연 어느 정도의 시공간을 초월한 스토리를보여줄지 기대해봐도 좋을 것 같다.(설마 타노스가 살아나는 건 아니겠지?ㅎㅎㅎ)<4월 : 신비한 동물사전3>해리포터 시리즈와 연장 선상에 있는신비한 동물사전의 세 번째 작품은2022년 4월에 공개된다.이번 시리즈는 덤블도어의 비밀이라는부제로 개봉할 예정이다.참고로 악역 그린델왈드 역을 맡았던조니 뎁은 이번에 신비한 동물사전에서하차했다고 해서 아쉽네....ㅠㅠ<5월 : 존윅4>스타일리시 액션의 정수라고 할 수 있는존윅이 네 번째 작품으로 돌아온닷!이번 작품에서는 견자단이 출연한다고 하는데,과연 견자단과 키아누 리브스가얼마나 화려한 액션을 보려주려나~ㅎㅎㅎ<6월 : 블랙아담>WWE 챔피언 더락 드웨인 존슨이빌런으로 등장하면 월매나 무서울꼬!이 상상이 현실이 되는 시점은 6월이다!드웨인 존슨은 샤잠의 숙적인 블랙아담 역으로샤잠을 엄~청 괴롭힐 것으로 예상된다.블랙아담은 원래 작년에 개봉 예정이어서2019년부터 소개를 했던 빌런인데,2022년 6월에 개봉하게 되었다.(또 연기될 수도 있을 듯....ㅠㅠ)<7월 : 토르4: 러브 앤 썬더>2022년 하반기의 스타트를 끊을 작품은토르4: 러브 앤 썬더다!부제만 봐도 뭔가 핑크빛 기류가 도는데토르의 유일무이한 연인 제인이여성 토르인 마이티 토르로 등장할 예정이다.마이티 토르 역은 토르1에서도 제인 역을 맡은나탈리 포트만이 맡는다.<8월 : 비스트>아쉽게도 8월에는 눈여겨볼만한작품이 별로 없다.그나마 하나 찾아보면 이드리스 엘바 주연의비스트 정도?영화 비스트는 사자와 대결하는 스토리로배경은 아프리카 쪽이 될 듯~<9월 : 미션 임파서블7>톰 크루즈 형님에게 불가능이란 정말 없는 건가?1962년생인 톰 크루즈는 이제 60살인데,미션 임파서블7이 9월에 개봉한다.이게 어떻게 60살이라고 할 수 있을까?뱀파이어임이 분명해!ㅋㅋㅋㅋㅋ1996년 미션 임파서블1 이후 25년 동안이나미션 임파서블 시리즈를 이어오고 있는톰 크루즈에게 박수를 보낸다!<10월 : 스파이더맨 뉴 유니버스2>2022년 개봉예정영화 기대작 중유일한 애니메이션 작품스파이더맨 뉴 유니버스2가10월에 개봉 예정이다.요즘 스파이더맨과 베놈 시리즈로 재미를쏠쏠하게 보고 있는 소니가스파이더맨 뉴 유니버스2에서는스파이더버스 세계관을 얼마나 확장시킬지기대해봐도 좋을 것 같다.<11월 : 블랙팬서2 : 와칸다 포에버>채드윅 보즈먼이 대장암으로 세상을 떠나고블랙팬서의 빈자리를 누가, 어떻게 채울지궁금한 블랙팬서2는 11월에 개봉 예정이다. 원래는 2022년 7월에 개봉 예정이었지만내부 이슈들이 좀 있어서 11월로 연기된 블랙팬서2.채드윅 보즈먼이 맡은 블랙팬서의 분량은 줄이고,대신 슈리 역을 맡은 레티티아 라이트의비중을 늘릴 것으로 예상된다.<12월 : 아바타2>아바타2.... 올해는 진짜 개봉하는거냐?ㅠㅠ지금까지 무려 6번이나 개봉이 연기된 아바타2.이렇게 여러 번 개봉이 연기된 적이지구 역사상 있었을까 싶다....ㅠㅠ코로나 때문에 연기된 건 이해하지만6번 연기는 좀 오버 아닌지....-.-;(다른 작품들은 개봉하잖아! 버럭!)


동영상이 첨부되었습니다. 원본보기
평소 같으면 마블이나 DC 히어로 영화를가장 기대하는 작품으로 선택했겠지만이번에는 영화 산업에 또 하나의 획을 그을거라생각하는 아바타2를 가장 기대하는 작품으로 뽑아본다!참고로 아바타 시리즈는 2년 간격으로2024년에 아바타3, 2026년에 아바타4,2028년에 아바타5가 연속으로 개봉할 예정이다.(아바타2도 6번 연기되었는데 이게 지켜질까?ㅋㅋㅋ)지금까지 2022년에 기대되는 개봉예정영화를월별로 1편씩 살펴봤는데,이 외에 더 배트맨(3월), 탑건 메버릭(5월),쥬라기월드3: 도미니언(6월), 더 플래시(11월),아쿠아맨2: 로스트 킹덤(12월) 등기대되는 작품들이 많지만월별로 1개의 작품만 소개하느라들어가지 못한 기대작들도 많다.코로나 때문에 개봉일이 연기되는 일이비일비재하지만 그래도 일정대로개봉해줬으면 하는 바람으로2022년 월별 개봉예정영화 포스팅 끄읕~! :D""가장 기대되는 당신의 2022년 영화는? :D"" (↑클릭↑   더 많은 영화 정보가 보고 싶다면 팬하기   ↑클릭↑) 
"
14,제임스 카메론의 차기작은 [아바타2]가 될 것이며 2015년까지 폭스의 작품에 전념을 할 것으로 보인다고 합니다. ,leon****,"

제임스 카메론이 차기작이 [아바타2](가제)가 될 것이며 시리즈에 전념을 하게 될 것이라는 뉴스가 올라왔습니다. 데드라인이 소식을 전했는 데요. 먼저 제임스 카메론은 폭스가 자신의 녹색 환경 기금에 막대한 금액을 기부할 것이라는 소식을 전했다고 합니다. 제임스 카메론은 폭스의 제의에 대한 감사의 표시로 [아바타2]와 [아바타3]에 전념을 하게 될 것이라는 것인데요. 이로 인해 소니가 안젤리나 졸리 카드로 제임스 카메론에게  연출을 맡기려고 했던 [클레오파트라]도 고사하게 될 것으로 보인다고 하는 군요. 폭스의 이 같은 제의는 제임스 카메론이 폭스에 전념을 해줄 것에 대한 제스쳐로 보이며 제임스 카메론은 [아바타2]를 필두로 2015년까지 폭스와 함께 작업을 할 것으로 보인다고 합니다. 폭스의 영리한 제안인 것 같습니다. 아무래도 말로만 제임스 카메론을 서포트 한다는 것과는 다르리라 보니 말이지요. 
 

LOS ANGELES (October 27, 2010) 
 
폭스 필름 엔터테인먼트의 체어맨인 짐 지아노풀로스 회장과 톰 로스먼은 향후 십년내에 가장 기대를 하고 투자를 하게 될 영화가 [아바타] 시리즈라고 전하고 제임스 카메론이 차기작으로 [아바타]를 연출 하게 될 것을 동의했다고 합니다.  시리즈가 될 것이라고 전했다고 합니다. 제임스 카메론은 내년초 [아바타2]의 스크립트 작업에 들어갈 것이라고 전하고 2011년 후반기에 제작에 들어가기를 기대하고 있다고 전했다고 합니다. 카메론은 스크립트를 보고 곧이어 [아바타3]의 작업에 곧이어 들어가게 될지 결정을 하게 될 것이라고 하는 군요. 아직 [아바타 2]의 공식 제목은 결정하지 않았지만 2014년 12월 개봉을 목표로 한다고 하는 군요. 그리고 연속으로 촬영이 결정 된다면 2015년 12월 3편을 개봉하게 될 것을 고려하고 있다고 합니다. [아바타2,3]는 제임스 카메론의 연출로 존 랜다우 공동으로 라이트하우스 엔터테인먼트에서 제작 될 것이라고 합니다. 
 
 짐 지아노플로스 & 톰 로스먼 (데드라인) 
 
짐 지아노플로스와 톰 로스먼은 “우리에게 이 보다 더 큰 프로젝트는 없으며 그의 결정에 대해 더 이상 기쁠수 없다."" 전하고 카메론은 아바타 세계에 대한 비젼을 계속 확대하게 될 것이다.""라고 전했다고 합니다. ""제임스 카메론의 결정으로 폭스에게는 기념비적인 날이 되었으며 이를 가능하게 한 폭스의 동료들과 짐, 존 그리고 모두에게 감사한다""고 소감을 피력했다고 합니다.  
 
 20 세기 폭스  
한편 제임스 카메론은 전 세계적인 미디어 컴퍼니와 협력하는 흔치 않은 기회로 감독으로 판타지 세계를 만들고 또 발전하는 것을 보게 되는 주목할 만한 사건이라고 전했다고 합니다. 아바타는 판타지한 세계를 다룬 서사작품으로 여러 미디어를 통해 관객들에게 방문을 허락하게 만들었다고 전하고 이 순간은 파트너인 폭스와의 지속적인 협력으로 아바타 세계의 다음 단계로 진입하게 된 것이며 파트너들과 함께 아바타의 세계로 다시 한번 항해를 떠나게 될 것이라고 전했다고 합니다.    
 
 아바타 (20세기 폭스) 
[아바타]는 최고 흥행작으로 전세계 흥행 수입 28억불에 가까운 수입을 올린 작품으로 블루레이 판매량도 최고량을 달성한 바 있습니다. 다시 전력을 다해 달리게 된 [아바타] 시리즈는 어떤 반향을 일으키게 될지 기대가 되는 군요. 제임스 카메론이라면 믿음이 갈수 밖에 없네요. 이번에도 완벽주의적인 터치를 기대해 보게 되는 군요. 
 
 
출처 : 데드라인
기사 원문 : 니키 핀케,  마이크 플레밍
 
"
15,"2014년 사람들아, 아바타2 절대 기대하지말자!",jose****,"
 
최근에 캐리비안4, 트랜스포머3보고 확실히 결심했다.
필자는 이 두영화 후편보단 100%떨어질거라는거 이미 예상하면서 봐가지고 나름대로 만족스럽게 감상한 인간이다.
 
솔직히 최근영화들중에 sf, 액션들중에서 스토리 좋았던 영화 거의없다.
전부 그래픽으로  떼우려고 하는 작품들뿐이다.
 
 
예를들면 이거다.
어떤 노래되게 못하는 연애인이있다
그 연애인이 머리부터 발끝까지 깡그리 갈아 엎어가지고 얼굴로 잘나가는거랑 똑같은 현상이다.
 
지금 생각하면 이런생각도 든다. "" 아, 그래도 괴물이 재밋었던 거구나....""
 
아바타 1도 지금생각하면 액션씬이랑 나비족이라는설정만 죽여줬지 스토리는 누구나 다 생각할수 있는 뻔한결말이다.
 
미국영화 전개상 특징
 
1. 주인공이 나와요
2. 현실에는 존재하지 않는 생명체가 나와요
3. 친해져요
4. 나쁜놈이 끼어들어요.
5. 갈등생겨요
6. 어? 나쁜놈이 저런거였네? 빡치기 시작해요
7. 대판싸우고 화해하고 마무리해요
8. 결말은 무조건 HAPPY ENDING~~~~~ 그 이후...영원히 행복하게 살았다고 합니다.... 디 엔드~~
 
 
다른건 몰라도 6번맘큼은 100%다.
 
아 그리고 지금까지 모든 영화들중에서 1탄보다 재밋는 2탄 뭐가 있을까? 확실히 있긴 있을지라도 최근엔 거의없다.
후속작이 1탄보다 못하는 이유
1탄이 처음나올때는 모든게 새롭다. 
 
1탄반응: ""와우~ 반가워요!! 어느별에서 오셨어요??""
2탄반응: ""헤이~ 또 만났네, 잘지냈어? 근데 뭔가가 어설프네....너 처음봤을때랑 뭐좀 바꿨지?""
3탄반응: ""어,왔어? 잘가~""
4탄반응: ""아나, 또왔냐? 꺼져!""
 
대략 이렇다.
이제 곳 개봉할 해리포터도8탄도 그럴 확률이 높다고 본다. 하지만 해리포터 같은 경우엔 이미 원작 소설이 있기 때문에  스토리는 기본적으로 탄탄하게 나올것이다.
그냥 원작내용 갖다가 연기하면 되는건데 뭐.....
하지만 그 해리포터도 5~6탄은 진짜 반응 안좋았다. 7탄에서 다시 살았다는게 신기할정도.... (역시 원작의 힘!!)
8탄역시 극장가면 기대 안하고 볼생각이다.
 
 
제임스 카메론이 과연 어떤 작품을 들고 올지는 봐야 알게지만 지금으로선 
 
에이 그냥 인간들이 또 다시 판도라 쳐들어와서 다 털기 직전에 나비족들이 반격해서 또 이기고 행복하게 끝나겠지.......... 라는 생각밖에 안든다;;
 
랄까....... 솔직히 생각해보자. 아바타가 스토리는 그대로인데 cg는 저퀼리티였다면 이렇게 흥행할수 있었을까?
절대 아니다.
 
 
 
 
 
 
그러므로 괜히 5년후에 스토리 쓰래기라고 실망하지 말고
 
 그냥 있었는둥 없었는둥 아무생각없이 기다리자......
 
암튼 2014년아 두고보자.... 니가 오면 내 기꺼이 영화관에 쳐들어가주마!! ㅋㅋㅋㅋㅋㅋㅋㅋ
그때쯤에는 나도 사회인이 되어 있겠지 ㅎㅎㅎ
 
아 참고로 나 그때쯤에는 군대 갈수도 있으니 너무 섭섭해 하지는 마라ㅋㅋㅋㅋㅋㅋㅋㅋㅋㅋㅋㅋㅋㅋㅋㅋ
 
우리모두 살아남아서 3년후에 만나세~~~~~~~
"
16,2022년 4월 30일 아바타후기,5371****,"
 
2022년 4월 30일 어느날..
 
개봉날이 밀리고 밀리다가 드디어 그토록 원하던 전설적인 영화
아바타2가 개봉한지 한달이됐다.
아바타2가 개봉했쓸때 모든 영화관은 발디딜틈도 없이 사람들이 꽉 차잇다.
한달전부터 예약도하고 시골에 영화관도 찾아가는 사람들도 허다하다.
전부다 4D 실사판 아바타2를 보기위해 하루만에 국내에 수천만관객을 동원한다.
 
요즘은 기술이 너무나 좋아져 10년전 처음나온 3D 영상과는 비교도 안됄만큼 
현실적이고 진짜 같다. 다방면에서도 볼수있고 눈앞에서 딱딱하게나마 만져지기도 한다. 
가끔은 여주인공 치마밑을 보려고 일부러 맨앞자리앉는 애들도잇다.
 
탄탄한 스토리에 보고나오면서 모든 사람들은 그 흥분을 가라앉히질 못한다.
4시간동안 한장면도 놓치기않기위해 커피를 마시기도하고 , 시작직전까지 화장실갔다오는사람들도잇다.
제임스 카메론이 10년동안 짜내고 짜내어 만든 영화 현재 세계적으로 40억관객을 동원했다.
이 기세면 50억관객동원도 금세일것같다.
 
이영화를 보기위해 아프리카원주민들도 낙타를 타고 영화관까지 달려온다.
아마존의 원주민들도 돈대신 과일과 현지음식들로 대신해 아바타보기위해 화물선에 끼어타서온다.
 
요즘 세상이 정말 빨리 변한다. 옛날에 1년 걸렸던일들이 일주일만에 변하기도한다.
많은 아이들이 아바타언어를 공부한다. 요즘엔 제 2 모국어로 압타어를 배우기도한다.
많은 천문학자들은 판도라 행성을 찾기위해 심혈을 기울인다. 
판도라 행성으로 추정되는 지구에서 몇광년 떨어진 슈퍼지구로 날아갈 계획을 하고있다.
많은 사람들이 꿈의 행성 판도라로 가기를 소원하고있다.
혹여 다른 사람들은 아마존으로가서 서로들간에 아바타언어를 쓰며 살아가기도한다.
 
또한 새로운 직종도 많이 생겻다. 
요즘 젊은친구들은 문신마냥 파란피부로 이식하는게 유행처럼 널리퍼졌고,
아바타 화장법도 많이들한다. 
그리고 세계각국들이 참여하여 아바타를 드라마화하여 방영하기도한다.
짱구마냥 1년에 한번씩 극장판으로도 개봉하기도 한다.
요즘 거리에선 말타고다니는 모습을 종종볼수있다. 또 세포이식기술로 자신의 세포와 새의 세포를
조합시키어 현재 독수리크기의 10배 크기로 늘리고 자신과 교감하여 하늘을 비행하기도한다.
 
이렇게 아바타는 단순한 영화가 아니라. 우리들의 삶속에 또 정신속에 스며들어
소망을 심어주었다. 신앙과 같은 종교와 같은 영화가 된 아바타...
아참 이건 영화라고 하면 요즘엔 몰매맞는다. 다큐라 해야한다 ;
보지 못했던걸 스크린을 통하여 보았기 때문에 사람들의 정신속에 강력한 믿음으로 자리잡았다.
 
또 어떤 한 학자는 우리의 원초인류는 아바타와같았다고 주장하기도 했다.
지금 과학이 이토록 발전하여 우리가 그 기능과 모습을 상실했다고 한다.
요즘 과학의 발전이 더디고있는 이유다.
과학파괴운동 , 자연으로 돌아가자운동 등 
 
세계각국에선 난리다. 앞으로 이 지구가 어떻게 될지 정말의문이다.
더많은 일들이 곳곳에서 일어나고있지만 추후에 또 기회가 되면 쓰겠다.
 
 
 
"
17,2014년에 이글을 발견하면 꼭 읽어주시오.,odhk****,"
현재는 2011년... 
아마 이글을 몇몇이 읽을때쯤이면, 아바타2 광고때리고 개봉박두 할때겠지?
아이고 생각만해도 두근거리는군..
 
아.바.타 2010년 최고의 영화 아니 21세기 최고의 영화.
1탄보다 좋은 2탄 없다하지만. 그래도 나는 제임스캐머런을 믿어 ㅋㅋ
 
2년뒤 나는 어떤모습일까~
과연 내가 이글을 작성한걸 기억해서 댓글 확인하러 올까?
 
아~ 젬스 캐멀횽님 언능 아바타2 만들어줘
요즘 영화 대작이 없어서. CGV VIP 짤리게 생겼어~
정말 볼만한게 없네.
 
그나마 엊그제 봤던 ""소소코드"" 는 요즘영화중에는 볼만하더군. 새로운 장르였어~
스케일은 작았지만 말야..
 
아..갑자기 머리아프네.. 내가 왜 이렇게 헛소리 하고있지?
2014년 너희들은 바껴서 모를수도 있지만.
현재인 2011년은 리뷰를 400자 이상써야돼... 님히..
 
djokaosdko asodkoqwkdok asokdqowkdoqkd askdoqkodkqwd
 
거의 채워진거 같군..
 
아~
 
3년 후딱 지나가라~
 
압타2 4D로 볼테야~!!!
 
 
"
18,제이크형님 멋져용~,alst****,"
정말 감동,재미,액션,모험 모두가 뭉쳐 만들어진 영화 아바타!!!
3주 만에 1400만 관객 돌파!!!전 세계 박스오피스 1위를 차지한 제임스 카메론의 아바타!
역시 아바타2나올것 같았습니다...
아바타1에서 제이크형님이 눈을 번썩 뜨시고 끝났었죠...
아바타 못보신 분들을 위하여 리뷰 들어갑니다! 
 
 

 
극장가 성수기라 불리는 방학시즌만 되면 전 세계 영화팬들의 이목을 집중 시키는 영화가 꼭 등장하곤 한다. 어마어마한 제작규모와 화려한 그래픽 기술을 자랑하는 헐리웃 블록버스터 영화들이 그 대표적인 경우다. 특히, 재난영화나 SF영화에서 그 빛을 발하는 헐리웃의 그래픽 기술은 해마다 전 세계 관객들의 감탄을 이끌어 내곤 한다. 더 이상 보여줄 게 무엇이 있을까 싶을 정도로 매번 진보된 기술의 영화를 선보이는 헐리웃 블록버스터는 ‘영화’라는 매체가 보여줄 수 있는 가장 큰 즐거움과 매력에 대해 확실한 해답을 주는 경우라 해도 과언이 아닐 듯싶다. 올해를 며칠 남겨 두지 않은 이 때, 그 해답서 같은 영화가 또 한편 등장했으니, 바로 제임스 카메론 감독이 12년 만에 내놓은 신작 [아바타]가 그것이다.
 

 
신기록의 제왕 [타이타닉]의 제임스 카메론 감독!! 그가 12년 만에 공개한 신작 [아바타], 그 실체를 드디어 벗다!
기록은 운동선수들에게만 존재하는 것이 아니다. 영화계에서도 기록은 존재하며, 운동선수들의 그것과 마찬가지로 쉽게 깨어지지 않는 기록들도 존재하는 법이다. 아마도 영화계에서 가장 화려한 기록 보유자를 찾아보라면 단언컨대 영화 [타이타닉]의 감독, 제임스 카메론이라 말할 수 있다. 1997년, 미국은 물론 우리나라와 전 세계 극장가를 장악했던 영화 [타이타닉]을 세상에 선보인 제임스 카메론 감독이 그 주인공이란 사실에 대해서는 어지간한 영화팬들이라면 굳이 부정할 이유가 없으리라 본다. 12년이 지난 지금까지도 깨지지 않고 있는 ‘전 세계 최고 흥행수익을 올린 영화’와 ‘아카데미 시상식 최다부문 수상’이라는 영광스러운 신기록을 보유한 영화 [타이타닉]만으로도 충분히 그것을 증명시켜 주고 있으니 말이다. 게다가 [터미네이터] 시리즈를 처음 선보였고, 전편보다 나은 속편이란 극찬을 받은 [에이리언2]까지 그의 듬직하고, 화려한 필모그라피는 ‘양보다 질’이라는 것이 어떤 뜻인지에 대해 실감하게 해준다. 그만큼 그의 필모그라피 속 작품들은 어느 하나 빠질 작품들이 없다는 말이다. 최소한 2009년 지금까지는 말이다.
 
굳이 자세하고, 긴 설명 없이도 작품 하나만으로 그 이름을 기억하도록 만드는 감독들이 있는데, 제임스 카메론 감독과 영화 [타이타닉] 역시 그 대표적인 경우라 하겠다. 그런 그가 [타이타닉] 이후 무려 12년 만에 선보인 영화가 바로 제목부터 호기심과 기대를 자극하는 [아바타]이다. 제임스 카메론 감독의 새 영화를 기다린 관객들이라면 매년 그 제목만 들으며 궁금증만 가져야 했던 영화 [아바타]가 드디어 베일을 벗었다. 온라인 게임 등에서 자신을 대표하는 가상 캐릭터로 불리는 ‘아바타(Avatar)’는 우리들에게도 꽤나 익숙한 소재라 할 수 있다. 영화 [아바타] 속 ‘아바타’ 역시 비슷한 맥락으로 이해할 수 있다. 미래에 지구에서 멀리 떨어진 새로운 행성 ‘판도라’를 찾게 된 인류는 그 곳의 특별한 환경에 맞춰 살아가는 토착민 ‘나비(Na’vi)‘의 DNA를 인간과 결합해 만든 하이브리드 생명체를 탄생시키게 되는 데, 그것이 곧 ’아바타‘이다. 이렇게 이색적이고, 독창적인 소재만으로도 호기심을 증폭시켜 주는 영화 [아바타]는 [터미네이터], [에이리언] 등 감히 SF장르의 거장이라는 수식어가 아깝지 않은 제임스 카메론 감독의 이름으로 인해 더욱 주목하게 만든다.
 

 
빼앗으려는 자들과 지키려는 자들의 대립!! 쉽게 예측 가능하고, 평범한 대립구조임에도 160분이라는 시간은 충분히 버라이어티하게 다가온다. 
 
SF 영화들은 하나 같이 공통된 형태의 줄거리를 보여준다. 그것은 바로 ‘대립’이다. 인간과 외계인, 인간과 로봇 등 인간과 다른 생명체들이 서로 대립하며 싸우게 되는 설정이다. 매번 비슷한 패턴의 스토리들에 질려버릴 수도 있으련만 결과는 그렇지 않다. 인간이 아닌 다른 주인공, 즉 가상 캐릭터들을 보는 재미와 두 집단의 대결을 통해 맛볼 수 있는 화려한 그래픽을 위해서는 불가피한 설정임을 알기 때문이다. 영화 [아바타] 역시 여느 SF영화들이 보여주는 스토리의 패턴에서 크게 벗어나지 않는다. 지구의 에너지 고갈 문제를 해결하기 위해 머나먼 행성 판도라에서 대체 자원을 채굴하기 시작하는 인간들은 판도라의 독성 대기로 인해 그 작업에 어려움을 겪게 된다. 이에 인간들은 판도라의 환경에 적응할 수 있는 신체를 지닌 토착민 ‘나비’의 몸에 인간의 의식을 주입, 링크 머신이라는 기계를 통해 원격 조정이 가능한 새로운 생명체 ‘아바타’를 만들어 낸다. 한편, 하반신이 마비 된 전직 해병대원 ‘제이크 설리’는 그 아바타를 통해 나비의 무리에 침투하라는 임무를 받게 된다.
 
영화 [아바타] 역시 서로 다른 두 집단의 대립이 주요 스토리 라인이다. 조금 더 정확히 말하자면, 인간과 판도라의 토착민 ‘나비’의 대립이자 ‘빼앗으려는 자’와 ‘지키려는 자’들의 대립인 것이다. 하지만 영화 [아바타]는 대부분의 SF 영화들과 달리 ‘아바타’라는 이색 소재를 통해 관객들로 하여금 보다 몰입할 수 있는 스토리를 제공한다. 즉, 단순히 공상 과학적인 캐릭터들만의 이야기가 될 만한 스토리에 ‘아바타’라는 소재를 결합함으로써 마치 한 편의 첩보드라마를 보는 듯한 재미 또한 가미시킨 것이다. ‘아바타’의 모습으로 나비족에 침투한 제이크의 모험과 그 무리에서 인정받게 되고, 급기야 나비의 여전사인 ‘네이티리’와 사랑에 빠지고, 또 다양한 에피소드를 겪게 되는 등 인간들의 이야기와 판도라의 토착민인 ‘나비’의 이야기, 그리고 ‘아바타’로의 삶을 살게 되는 제이크의 이야기까지 꽤나 다양한 이야기들을 들려주고 있다. 물론 충분히 예측 가능한 이야기며, 평범한 대립구조이기에 160분이 넘는 런닝타임이 다소 길게 느껴지는 감도 없지 않다. 그럼에도 3시간이 되도록 화면에서 눈을 뗄 수 없게 하는 것은 그러한 이야기들마저도 특별하게 포장해내는 버라이어티한 볼거리가 존재하기 때문이다. 그것이 곧 영화 [아바타]의 강점이기도 하고 말이다.
 

 
영화 [아바타]는 '빚 좋은 개살구'가 절대 아니다!! 이기적인 인간과 자연의 숭고함, 그리고 '아바타'의 존재로써 담아낸 궁극적 메시지는 영화를 더욱 진중하고, 묵직하게 승화시켰다!!
 
하지만 영화 [아바타]는 단순히 서로 다른 두 집단의 대립이라는 측면으로만 판단할 수 있는 이야기가 아니다. 이유는 영화가 이야기하려는 궁극적인 메시지가 뚜렷하게 적용되어 있기 때문이다. 그저 화려한 그래픽만이 돋보이는 SF액션 영화로만 그쳤다면 영화 [아바타]는 제임스 카메론 감독의 영화중에서도 그리 돋보이기 힘든 작품으로 남았을지 모른다. 영화 [아바타]는 단순한 오락영화라 하기에는 그 분위기에서 진중함이 묻어나 있고, 배경과 소재 하나하나에 묵직한 무게감이 담겨 있다. 이것이 곧 영화 [아바타]를 그저 평범한 SF영화가 아닌, 그 이상의 가치를 갖도록 해주는 이유다. 먼저 영화의 주된 배경이 되는 새로운 행성 ‘판도라’는 그러한 의미를 뚜렷하게 증명해준다. 극중 자원 고갈로 인해 어려움에 처한 미래 인류에게 꼭 칠요한 대체자원인 언옵티늄의 최대 매장지이자 생명력으로 가득한 공간으로 등장하는 ‘판도라(Pandora)’는 그리스신화에 나오는 인류 최초의 여성의 이름이기도 하다. 다시 말해 판도라는 인류에게 있어 가장 이상적인 공간인 동시에 마지막 희망이요, 모체(母體)와 같은 공간으로써 묘사되고 있는 것이다. 특히, 영화 속에서 묘사되는 판도라 행성의 모습은 지구의 허파라 불리는 ‘아마존’보다 몇 배 거대한 우림으로 뒤덮여 있고, 하늘에는 언옵티늄의 자기장 속성으로 인해 공중에 뜬 채 끊임없이 이동하는 할렐루야 산이 존재한다. 그리고 이곳에 존재하는 동물들 역시 오래전 공룡의 모습처럼 거대하고, 기이하다. 그야말로 가장 원초적이면서도 자연친화적인 판도라의 모습은 자원고갈로 허덕이는 지구의 모습과는 전혀 상반되는 공간이다.
 
이러한 의미들은 판도라에서 살아가는 ‘나비’라는 종족에서도 고스란히 묻어나 있다. 영화에서 묘사 된 나비족은 인간과 비슷한 지능을 지닌 우주의 유일한 종족으로, 자신들만의 언어와 무명을 지니고 있다. 그들은 자신들의 안식처인 행성과 자연, 동족들 간의 깊은 유대관계를 맺고 있으며, ‘영혼의 나무’를 숭배하며 주변에 존재하는 동, 식물들과 직접 교감하며 살아간다. 이러한 특징들 역시 인간의 그것과는 확연히 구별된다. 목적을 위해 판도라 행성마저 처참하게 짓밟으려 하는 인간들과 달리 나비족은 그들의 자연을 숭배하며 지키려 하는 것이다. 인간 외의 존재들이 적으로 등장하는 여느 SF영화들과 달리 인간이 스스로 적이 되고 있는 설정은 영화를 보는 관객들로 하여금 더욱 깊고, 의미 있는 메시지를 습득하도록 해주는 부분이다. 영화를 보며 어느새 자신들도 모르게 극중 무자비한 ‘쿼리치’의 모습과 이기적인 인간들의 행동에 분노하게 되는 것 또한 당연한 결과이고 말이다. 
 
 
 
영화 [아바타]는 겉으로 이처럼 인간과 ‘나비’라는 가상 캐릭터들의 대립을 보여줌으로써 실질적으로 인간의 이기심과 자연의 대립이라는 진중한 메시지를 품고 있다. 그리고 이것을 자연스레 연결하는 수단 혹은 통로로써 ‘아바타’라는 존재를 선택한 것이다. ‘아바타’라는 존재는 우리에게 그저 온라인상 가상 캐릭터 정도로만 이해될 수 있을 것이다. 그렇지만 조금 나아가 상상해보면 영화 속 ‘제이크’의 모습 역시 충분히 공감 가능하며, 실현 가능성에 대한 흥미까지 생기게 된다. 그것이 바로 극중 제이크를 통해 관객들 스스로가 캐릭터는 물론 스토리 자체에 몰입하도록 도와주는 것이다. 3D로 제작되어 더욱 실감나는 체험을 하게 하고, 충분히 공감 가능한 ‘아바타’라는 존재는 관객들이 자연스레 영화 속으로 빠져들게 하는 힘을 발휘한다. 영화 [아바타]에 등장하는 ‘판도라’는 매우 아름답고, 이채롭다. 밤이 되면 동, 식물에게서 발광물질이 뿜어져 나와 아름다운 광경을 연출하고, 신비하고 묘한 분위기를 가진 우림은 보는 내내 황홀한 기분을 느끼도록 해준다. 비록 그 모습이 예쁘지는 않지만 순수하고, 정직한 ‘나비’족과 그들의 경배 역시 엄숙함을 안겨준다. 시종일관 다투고, 분노하며, 의심하고 짓밟으려고만 하는 영화 속 이기적인 인간들의 모습은 그래서 더 애처롭고, 초라해 보인다. 
 

 
배우들의 표정과 근육, 모공의 움직임까지 잡아 낸 '이모션 캡처' 방식으로 탄생한 가상 캐릭터, 그리고 아름답고 기묘한 볼거리들!! 이보다 더 황홀하고, 경이로울 수는 없다. 그러니 굳이 상상하지 말고, 직접 눈으로 확인하시길!!
 
12년 전, [타이타닉]을 통해 초호화 거대 여객선의 최후를 실감나게 보여준 바 있었던 제임스 카메론 감독은 이번 영화에서도 역시나 기다린 보람을 유감없이 충족시켜 준다. 아니, 상상했던 그 이상의 결과물로써 관객들에게 경이로운 경험을 하도록 해준다. 서두에서 말했지만 매번 선보이는 헐리웃 블록버스터들을 보다보면 더 이상 보여줄 게 무엇이 있을까라는 의구심이 들 정도로 나날이 발전된 그래픽 기술을 선보이곤 한다. [트랜스포머]라는 영화로 말하는 변신 로봇 캐릭터들의 화려한 액션을 선보였고, 누구도 상상할 수 없었던 소설 속 각양각색의 종족들을 화면으로 그대로 옮겨 담은 [반지의 제왕] 시리즈까지 헐리웃의 기술은 이미 정점에 도달했다고 해도 과언이 아니다. 그런 가운데 제임스 카메론은 다시한번 그 수준을 한 단계 더 높여 주었다. ‘아바타’라는 3D 캐릭터로써 가상의 캐릭터와 가상세계를 스펙터클하면서도 실감나도록 담아 낸 것이다. 특히, 영화의 주된 배경이 되는 판도라 행성의 너무도 아름다운 경관과 나비족의 사냥 및 이동수단인 ‘다이어호스’, 비행수단인 ‘이크란’, 숭배의 대상인 ‘그레이트 리오놉테릭스’ 등 어마어마한 동물 캐릭터들을 보는 재미는 황홀함마저 느끼게 한다.
 
특히, 영화의 중심소재이자 주인공이라 할 수 있는 ‘아바타’의 등장은 감탄을 절로 하게 만든다. 주인공인 제이크의 아바타의 형상은 ‘나비’족이다. 극중 나비족의 모습은 파란 비부를 지니고 있으며, 어마어마한 신장과 뾰족한 귀, 자연과 교감할 수 있는 긴 머리와 꼬리를 지니고 있다. 사실 그리 예쁘지도 않고, 한편으로 흉측하기도 한 모습이지만 인간의 감정까지도 담아 낸 이른바 ‘이모션 캡쳐’ 방식은 신기하기 그지없다. 배우들의 몸에 센서를 달아 단순히 행동만을 캡처한 후 CG처리하던 ‘모션 캡처’ 방식을 넘어서서 배우들이 머리에 쓴 초소형 카메라를 통해 얼굴 전체를 실시간으로 캡처해 모공의 움직임은 물론 표정과 근육의 움직임까지 세밀하게 CG처리 해 낸 ‘이모션 캡처’ 방식으로 ‘나비족’이라는 캐릭터를 탄생 시킨 것이다. 그렇다보니 영화 [아바타]에서는 배우들이 보다, 배우들이 직접 연기한 아바타와 가상 캐릭터들이 주인공이라 할 수 있다. 주인공인 제이크를 연기한 샘 워딩튼은 [터미네이터: 미래전쟁의 시작]에 이어 다시금 남성적이면서도 차분한 카리스마를 자랑하며, 영화 내내 나비족의 ‘네이티리‘의 모습으로만 등장하는 조 살다나의 여전사다운 면모와 [에이리언]의 여전사적 이미지와는 사뭇 다른 모습으로 지적이고, 이성적인 그레이스 박사를 연기한 시고니 위버까지 실제 모습보다 가상 캐릭터의 모습으로 더 많이 등장하는 그들의 매력 역시 상당히 인상적이다.
 
    
 
영화의 상영이 끝난 후, 가장 먼저 내뱉게 된 말은 “경이롭다”라는 한 마디였다. 물론 3D로 처리된 화면들과 기상천외한 CG화면들로 가득한 영화들을 많이 봐 왔는데, 뭐 그리 유별날 게 있느냐는 사람들도 있을 것이다. 그렇지만 제임스 카메론 감독의 [아바타]가 그려낸 가상 세계와 그가 만들어 낸 ‘아바타’라는 존재는 실로 감탄하지 않을 수 없는 창조물이다. 그것은 애니메이션에서 봐왔던 그것들과는 또 다른 이색체험이며, 수많은 SF영화들에서 볼 수 있었던 것들과는 또 다른 모습의 상상력이었다. 그저 예고편만으로 판단하거나 영화를 본 사람들의 입소문만으로는 충분히 예측할 수 없는 볼거리가 영화 [아바타] 속에는 가능하다. 직접 눈으로 확인하는 것만이 영화 [아바타]의 경이로운 장관을, 그리고 12년이란 시간 동안 기다려 왔던 제임스 카메론 감독의 진보된 모습을 확인할 수 있다.휴~힘들다
 
그럼 아바타2홧팅!!! 제임스 카메론형님 홧팅!!!!!
"
19,나는 2016년에 볼 아바타2,qwer****,"
제가 3년쯤 뒤에 뭐 하고 있을진 모르지만 .. 이때쯤이면 4D가 상용화 되서 쉽게 볼수 있을까요??
된다면 4D로 봐야죠..ㅋㅋ
 
3년뒤에 찾아올일이 있을런지 모르겠지만.. ㅋㅋ
 
2013년도 수능
 
2014년도 수능
 
2015년도 수능
 
다 잘보시길(뜬금포 ㅋㅋ)
 
3년뒤에 나에게
 
잘지네고 있지? 나는 잘지넨다 
 
안뇽 ㅋㅋ...
 
200자 입력...;; 
 
아바타2 강추드려요~ 꼭 보세요 평점..은.. 예상.. 9.2! 
맞추면 매우 잘살꺼고
오차 조금 나면 잘살꺼고
틀리면 힘들게 살고 있을 ..까요?ㅋㅋ
"
20,아바타2 보신 여러분께,dc71****,"
지금은 2014년.................
 
전 아바타 2를 보고왔습니다.
 
진짜 재미있더군요.
 
어떻게 아바타1편보다 더 재미있을수가......
 
1편은그냥 실사판 애니메이션이였고, 2는 완전 멜로 절정에다가
 
철학까지 담고 있더군요.
 
제임스 카메론감독이 아바타3를 이어서 아바타4를 만든다고합니다
 
힘내세요.
 
(진짜 만들겠죠..........?? ㅋㅋ)
 
 
그런데 4년전인 2011년도만 해도 4d까지밖에 없었는데 이번 아바타는
 
5d로 봤어요!!!
 
만질수도있구 향기도 나구......... 
 
(과연 ㅋ)
 
세상 많이 좋아졌네요.
 
그리고 오늘 우리 가족하구 쿵푸팬더3를 보러 가야되서요~
 
ㅂㅂ요ㅋ!!
 
 
(근데 이거 진짜 맞을까........?)
 
 
400자 뭐냐구!!!!!!!! 안할거라고!!!!!!!! 안할거야 흥 씨..발 알아서해 400자 
 
 
 
 
"
21,2016년 12월,hdle****,"

지금은 2014 2 28 12:59분 새벽이다. 모두가 잠든 시간.. 2년..거의 3년에 시간이 흐른뒤에 나는 어떤모습이고 어떻게 바뀌었을까? 기대되는 아바타2 또... 2년뒤 겨울에 나의모습 기대되고.. 기대된다  지금의 느낌이 그때에도 전해 지기를 바래본다. 이하여백이하여백이하여백이하여백이하여백이하여이하여백이하여백이하여백이하여백이하여백이하여백이하여백이하여백이하여백이하여백이하여백이하여백이하여백이하여백이하여이하여백이하여백이하여백이하여백이하여백이하여백이하여백이하여백이하여백
"
22,2014아바타 2,oao1****,"

아바타1은 정말로 재미가있었다  세계영화계를 다시한번 일으켜준 영화기도하다. 나는 그당시 중학생이였는데  내눈앞에는 환상적인 광경이 내눈앞에 평쳐지고 정말 경악을 이루 말할수 없을정도로 진한 여운을 남겨준영화이기도하다  7080세대분들에게  역대최고의 영화를 뽑으라하면  아마 '타이타닉'이라 말할것이다  90200 세대한테 똑같은 질문을 하면 아마 '아바타'였다 라고 말해도 과원이 아닌정도로 정말 재미있는 영화였다  아바타2 제목만들어도 벌써부터 내심장을 두드린다.
"
23,아바타2 스토리에 관한 엄청난 아이디어가 떠올라서 써본다,univ****,"
아바타는 아직까지 세계흥행 순위 1위를 독점하고있는 영화이다. 2009년에 아바타란 그야말로 충격 그자체였다. 그당시는 미숙했던 모션캡쳐기술로 대박을쳤다고 해도 과언이 아니다. 사실상 아바타의 스토리는 옛날에 개봉했던 영화와 다를게 없다.(영화제목은 기억이 안나서...)어쨌든 본론으로 들어가자면 많은 논란이 되고있는 아바타2에 1편에서 죽은 시고니 위버랑 스티븐 랭이 출연한다는 것으로 봤을때 프리퀄(전편의 내용 이전의 내용을 다루는 것) 이라고 생각된다.그렇다면 샘 워싱턴이 다시 출연한다는 것은 무슨 말일까? 극중에서 제이크 설리는 쌍둥이 형이 있었다고 했고 그 형은 아바타프로젝트의 초기 선발자였다고 한다. 그렇다면 이 이야기는 아마도 판도라행성에 기지가 건설되고 있을때 즈음의 이야기가 아닐까?이렇게 이야기한다면 모든것이 들어맞는다.이상 허접한 예측이었다.
"
24,내가 예상하는 아바타 속편 줄거리,elwl****,"
2016년 4월 군대 훈련소에서 몸살거려서 입실해있을때 심심해서 소나기 다이어리에 썼던 글을 그대로 올림 ㅎㅎ 1.속편에서는 아바타1에서 보여준 세계관보다 더 확장된 세계관을 보여줄 것 같음ex) 다른행성의 등장, 1편보다 더 강해진 인간, 에이와의 등장, 판도라의 과거 혹은 미래 이야기그래서 최종 5편에서는 우주의 모든 생명체는 공통점을 지닌 단일 민족이라는 결말을 주면서 최종적으로 생명체들이 가져야하는 강렬한 메세지가 담길 것 같음.. 좀더 자세히 예상해보면 2편에서 아바타의 나비족 족장이된 제이크는 족장의 딸과 결혼하여 제이크 부족을 결성할 것 같음그러나 족장의 부인으로부터 밝혀지는 비밀이야기가 나옴사실 나비족은 수 많은 에이와님의 부족중 한종류이며 판도라 행성도 수 많은 에이와의 자산중 일부라는 사실이 그 비밀임 이 사실은 나비족과 판도라 행성의 다른 부족중에서도 극소수만 알고있던 사실이었음 (* 개인적으로 제임스카메론 감독이이 정도로 세계관을 크게 확장했으면 좋겠음 너무 세계관이 커서 감당이 안될것 같긴 하지만.) 여튼 속편에서 네이티리는 제이크에게 말하길, 에이와님은 먼 훗날 종말의 날이 올것이라 고하였고그 종말을 막을 방법은 분열된 에이와의 여러 민족들 (다른 행성에 살고있는 생명체들)의 통합이라고 말함. 제이크는 이사실을 알고 혼란에 빠지고 속편들의 이야기가 본격적으로 전개됨.이때 다른 행성의 에이와 부족으로 부터 온 메세지와 암호편지..편지내용에는  이 편지를 받은 생명체와 자신들이 힘을 합쳐서 우주생명체들을 통합시켜 종말을 막고싶다는 내용의 편지였음.암호편지는 10억광년 거리에 달하는 00행성의 좌표도 있었음.해당 편지를 보낸자들은 나비족을 위해서 쓴 편지가 아니라 메세지를 우주에 보내면 무언의 생명체가 이 편지를 읽을 것이라 기대하고 막연히 보낸 희망의 편지임5편에서는 최종적으로 에이와의 본모습과 우주 생명체들의 통일을 제이크가 이룩하고 장대한 대서사시가 끝남 ------------------------------------------------------------허접하게 예상해본 아바타 속편들의 줄거리입니다 ㅎㅎ 2편이 2021년으로 연기되었던데 장대한 대서사시 기대하고 있겠습니다  ! 
"
25,다시한번..,akfh****,"

아바타 234 의 개봉이 연이어서 하는걸 보니....... 16년부터 2020년 까지는 전세계가  진정한 제임스 카메론과 아바타의 페러디 시대가 되지 않을까 조심스럽게 예상해 봅니디,,,,,반지의 제왕과 해리포터 시리즈를 기다리던 그떄보다 더 흥미진진 하네요.........판타지물 특성상 매니아층이 아니어서 아바타 같은 sf물이 당연 더 흥행 할것도 예상되지만... 스토리를 모르는 아바타는 2년뒤부터 한 5년동안 엄청난 사회적 흥분을 가져올 것으로 보입니다
"
26,기대작 중의 기대작,my21****,"
아바타1
결말이 주인공이 나비족이 되었던 것으로 기억이 된다.
 
그렇다면 
 
아바타2에서는
첫 장면이 대왕익룡타고(이름이 머랬더라? 트루크막토인가???)
암튼 그거 타고 데이트 하는 장면이 되겠군..
 
그러다가 침략 받고
 
그러다가 이기것지?
 
하지만 재미있겠지?
 
ㅋ
 
 
 
 
 
 
 
 
 
 
 
 
 
 
 
 
 
 
 
 
 
 
 
 
 
 
 
 
 
"
27,2019년 4월 18일 과거에서 온 남자 입니다.,prad****,"
				제가 일본에서 유학시절 아바타를 처음으로 극장에서 봤었네요.
때가 2009년이었는지 2010년이었는지 기억은 잘 나지 않지만,, 정말 감회가 새로웠습니다.더군다나, 타국에서의 삶에서 지친 마음과 타국사람으로서 그나라 사람을 좋아하는 감정이 묘하게뒤섞이는 부분이 꼭, 나와 비슷하다는 느낌이 있었네요.아바타2 기대합니다아바타2가 나올때 즈음이면, 저는 30대 중반을 달려가고 있겠네요.너무, 기대가 됩니다.!2019년 4월 18일날 작성을 하였으며, 개봉 즈음인 2020년 2021년에는 제 글에도 좋아요가 많이달려있겠죠?그 부분도 설레네요 ^^
"
28,아바타2 2020년에 개봉하네,ban0****,"
				지금은 군대에 있는데 이 영화가 개봉할때 쯤이면 나는 사회에서 대학교를 다니고 있겠지???...빨리 보고싶다 빨리 전역하고 싶다!!!재밌겟다!!빨리 전역해서 컴퓨터 맞추고 갤럭시s10사고 즐겁게 살고싶다!!빨리 너무너무 전역하고 싶다 언제 전역하지 오늘은 12월 9일 사지방에서 글을 쓴다 심심해 너무심심해 너무심심해 너무심심해 너무심심해 너무심심해 너무심심해 너무심심해 너무심심해 너무심심해 너무심심해 너무심심해 너무심심해 너무심심해 너무심심해 너무심심해 너무심심해 너무심심해 너무심심해 너무심심해 너무심심해 너무심심해 너무심심해 너무심심해 너무심심해 너무심심해 너무심심해 너무심심해 너무심심해 너무심심해 너무심심해 너무심심해 너무심심해 너무심심해 너무심심해 너무심심해 너무심심해 너무심심해 너무심심해 너무심심해 너무심심해 너무심심해 너무심심해 너무심심해 너무심심해 너무심심해 너무심심해 너무심심해 너무심심해 너무심심해 너무
"
29,완전 좋을듯!!!,gaeu****,"

진짜 아바타는 대작이고 이에 2까지 나온다면 정말 대박 아닌가요?그런데 아니라고 하는 사람도 개인적 취향이겠지만...완전 초대박입니다..뭐 개속 개봉이 밀리고 있다지만..2017년부터 제작을 시작하고 2018년12월21일에 개봉을 한다네요.(공식 홈페이지 오피셜로 올라옴.)이무튼 정말 기대대구요....!!!그런데 아바타에서 완전한 오메티카야가 된 제이크 설리가 포스터에 왜 인간반 오메티카야 반일까요???아무튼 정말 기대되는 아바타2...(잠만 근데 떠도는 사진에 제이크 설리 늙은사진있던데...?????뭐 아니겠지..)아바타 2  꼭 보러갈께요!!!!!무슨일이 있어도 보러가겠어요!!!
"
30,ㅁㅊ놈들아,grun****,"

2014년에 개봉 예정이었다가 2017년 말로 개봉 연기 함.근데 또 2018년으로 개봉 연기함.근데 또, 또! 2020년으로 개봉 연기함.ㅁㅊ놈들아 이제 그만 할 때 안됬냐?아바타2만 애타게 11년동안 기다리고 있는 사람으로서 제발, 제발 더 이상 미루지 마라.아니 ㅅㅂ 200자 이상은 등록 안된다고?ㅇㅎㄹ융ㄹ혀ㅑㄹ앟아ㅗ허ㅏㅇㄹ홀휴ㅓㅏ류ㅓㄹ오혀ㅓㅇ로형ㄹ호ㅗㅎㅀ러ㅏㅇㅎㅇ러호옿러ㅏㅗㅎ러홍라ㅓ홍러ㅏ홍러ㅏ황러홇러ㅓㅗㅎ러ㅗ하ㅓㅘ호ㅓㄹ호ㅓ로ㅓㅏㅎ로러ㅏㅗ허ㅏ로허ㅏ오ㅓ호ㅕㅛㄴㅇ홀ㅇㅎㄹ우헝ㄹ항로허ㅏㅇㄹ허ㅏㅇ로허ㅏㄹ화홍러ㅏ힌아허ㅑㅐㄴㄷ헞다ㅣㅗㅅ어ㅏㅗㄹㄴ아ㅓㅅㅎ과헌어ㅏ호ㅓㅏ론서ㅏㄴㅇ호어혼아ㅓ한ㅇ헝놓ㄴ어ㅏㄴ오핮ㄷ거ㅛㅗ햔오햐고냐호갛누ㅗ허ㅏ오홍너ㅏㅗ이제 됬음?
"
31,아바타2가 흥미롭고 재미있을만한 스토리를 가지고 상영할수있을까?,croa****,"
				물론 아바타 1 끝부분에서는 충분히 스토리를 이어갈수있게 하는 여지가 있긴한데사람들이 다시 판도라로 오는것 빼면 뭐가 있나요? 그리고 그쪽 노선을 타게 되면분명히 스토리가 꽝인 액션 영화가 되버리고 말텐데 게다가 이미 죽은 시고니 위버가나오는거 보면 과거 까지 합해서 무언가를 만들어 내려고 하는것 같지만 재미는 그닥없을 거라 생각이 되네요. 물론 1탄의 흥행으로 많은 사람들이 보겠지만 분명 1탄을 먹칠하는 영화가 될게 뻔합니다. 적어도 터미네이터나 람보처럼 1탄에서 많은 여지를 깔거나 스토리를 2탄도 충분히 흥미롭게 하기위해서 밑반찬을 깔아놓는건 몰라도 아바타는 글쎄요... 분명히 2탄은 1탄보다 못할건 뻔합니다.
"
32,이 영화 욕하지 말란 법있냐? 있으면 가줘와봐!,ksh6****,"
				가줘와봐! 가줘와보라고!자신의 관점에서 재미없으면 욕할수도 있는 것이지.그게 상대방을 까내리는 것도 아니고, 순전히 영화를 욕하는건데, 왜 욕하면 안되는 건데?나, 참, 어이가 없어서.영화가 쓰래기 같으면 욕좀 할 수 있는거 아니냐?너희는 살아가면서 욕한번도 안하냐?어? 욕한번도 안하시냐고요?아, 이러면 또 괜히 시비건다고 또 뭐라 그러시겠네요 들.참 말을 말아야지.그래서 내가 무슨 말을 못하겠어요.뭘 논리적으로 설명을 해주려 해도, 수용은 안하고,따질 생각만 하고 있으니.. 제가 더이상무슨 할말이 있을 까요?그래서, 할말없으면 말을 말아라?그래 그래요, 당신네들 말씀대로, 더 이상 말 안하겠습니다.하지만 이것만 똑똑히 알아두세요.당신네들이 이 영화가 재밌다고 전세계 70억 인구가한명도 빠짐없이 좋아해야할 필요성은 없어요.그럴 필요성을 느낀다면 아예 제임스 카메론감독을 찬양을 하시죠, 종교를 만들어서.종교라는 영원한 단체도 70억의 모든 인간들이 수용하기 어려운 판국에,그 명작영화 언젠가 곧 잊혀질 그 명작영화 몇명이 재미없었다고 그 몇명을인신공격하면서 까내리고 마녀사냥하는 수준하고는.. ㅉㅉ정말 한심하다는 말밖에 더 이상 할말이 없네요 ㅠㅠ제가 틀린말했나요?조건반사적으로 흥분하면서틀렸다고 지적하지만 마시고,그에 대한 적절한 이유를 대주시죠.
"
33,[아바타 2]의 티저 포스터가 공개 되었다.,grea****,"
 
2017년 12월에 개봉 예정이었던 [아바타 2] 가 그 개봉일이 밀리면서
실망을 안겨 주었습니다.
그에 사과라도 하는듯 티저 포스터를 공개해주었습니다.
 
터키 출신 디자이너 Goksan Ozman 작품이며, 
그는 <노아> <그래비티> <울프오브월스트리트> 포스터를 작업한 바 있습니다. 
아바타 포스터 프로젝트에 참가해서 최종 2인에 올랐고, 
파이널에 선정되면 공식적인 아바타 속편 포스터를 맡게 된다고 합니다.  
 
*제임스 카메론은 모 매체와의 인터뷰에서 속편에 대한 흥행 부담감은 절대 없으며
정확한 개봉일은 ""잊을만할 때"" 라고 말했습니다.
 
ㅎㅎㅎㅎㅎㅎㅎ
 
속편 나오는데 10년이라니 ㅎㅎㅎㅎㅎㅎㅎ
 
그래도 기다려집니다.
 
 
 
 
 
 
 

 
 
 
 
​
"
34,' 아바타 2 ' 죽은 시고니 위버 어떻게 다시 등장하나 ?..시간 여행 접목..,d9st****,"




TANK REPORTER
' 아바타 2 ' 죽은 시고니 위버 어떻게 다시 등장하나 ?..시간 여행 접목..
제임스 카메론의 차기작으로  확정된 ' 아바타 2 ' 와 ' 아바타 3 ' 가 현제 사전 제작에 들어간 가운데,  아주 흥미로운 소식이 전해졌다고 한다.  이미 아시겠지만 , 이번  속편들은  ' 반지의 제왕 ' 시리즈처럼 동시에 제작될 예정이며, 판도라의 해양을 배경으로 그려질 거라고 전한바 있었다는 것이다.  제이크 < 샘 워딩톤 > 와  네이티리 < 조 샐다나 > 를 중심으로 스토리가 전개될  것으로 보여지는데 가운데 , 가장 의문시 되는 것이 바로 전편에서 죽은 것으로 알려진  시고니 위버가 맡은 그레이스 박사의  복귀  여부일 것으로 여겨진다.  이미  시고니 위버는 '  제임스 카메론이 나에게  이번 속편 스토리에 대해 이야기해 주었고 , 그들은 저장소에 정말  환상적인 스토리를 저장해 놓았다.  난  다시 복귀할 것이다.  제임스 카메로 감독은 SF 작품에선 아무도 죽지 않는다. ' 고 언급한바 있었기 때문이다. 
 
         
 
그런데 최근  뉴욕 매거진이  제임스 카메론과  인터뷰를 나누었다고 한다.  그는  우선 ' SF 시리즈 작품에선  아무노 죽지 않는다. 광할한 우주에서 당신의 DNA 가 영원히 파기되지 않는한 말이다. 거기엔 항상  시간 여행이 존재한다. ' 고 언급했다고 한다.  이어서 그는 시고니 위버의 복귀 가능성에 대해 ' 혹시 비선형 이야기 구조를 들어본적 있는가 ? 그레이스 박사 < 시고니 위버 > 가  등장하기 전, 또는  제이크가 그레이스 박사와  동참하기전  판도라 행성에선 많은 일들이 일어났었다. 그녀는 15년 전 시간대에서도 존재했었다.  나도 잘 모르겠지만 , 결론을  너무 섣불리 말할순 없다.  아시겠지만 난 이미  ' 아바타 2 ' 와 ' 아바타  3' 에 관한 많은 구상을 밝힌바 있었다.  아마도 팬들은 이러한 조각을 모아 전체 스토리를 추정할 것으로 보인다. ' 고 언급했다고 한다.
 
' SF 시리즈물에선 아무도 죽지 않는다.. '  참으로 의미심장한  언급으로  여겨진다. 비선형 이야기 구조는 회상방식을 말하는 것으로 보여지는데 , 그렇다면 시고니 위버는  과거 회상 장면에서 등장한다는  의미로도 보여진다.  15년전에도 그녀는 판도라 행성에 있었다는  제임스 카메론의 언급으로 봐서 말이다. 그렇다면  속편에선  ' 아바타 ' 전 이야기도 두루어질  것으로 추정이 되기도 한다.  하지만  이것은 어디까지나  그레이스 박사일때의 그녀를 말하는 것으로 보여진다. 아시겠지만, 판도라 행성에선 영적인 존재는 영원하다는 것이다. 따라서 시고니 위버는  다른 아바타 몸으로 부활할 가능성도 있다는 것이다.  이번 작품의 제목이 ' 아바타  ' 인 이유가 여기에 있다. 
 
' 아바타 2 ' 와 ' 아바타 3 ' 는 판도라의 해양환경을 중심으로 스토리가 펼쳐진다고 한다. 이미 제임스 카메론은 세계에서 가장 깊은 해양인  서태평양 마리화나 화구를  사전 탐사한바 있었다고 전한바  있기도 했었다. 그는  인터뷰에서 '  향후  5년간 나의 차기작은 아바타 2 와 아바타 3 다. 다른 작품은 계획이 없다  ' 고 분명히 밝혔다고 한다. ' 아바타  2 ' 는 2014년  12월 , ' 아바타  3 ' 는 2015년 12월에 각각 공개될 예정.- 탱크 리포터-
 
                               
 
"
35,헐리웃 스타병! 관계자들이 뽑는 같이 일하기 싫은 배우들 ,hris****,"
KBS2 개그콘서트의 인기 코너 [뿜 엔터테인먼트]에서 신보라는 말합니다. ""자기야, 지금 내가 답답해 죽어 봐야~ 정신 차리지?"" 뭐가 답답하다는 건지 파악하기도 전에 '금순'이는 ""잠시만요, 보라언니 물 먹고 가실게요"" 라고 말하며 물을 갖다 바치고, 밍키는 부채질을 시작합니다. 이 때 포인트는 원하는 바를 직접적으로 언급하지 않고, 알아서 준비하도록 만드는 것입니다.
 
연예인들의 '스타병'을 코믹하게 풀어낸 '뿜 엔터테인먼트'는 큰 사랑을 받으며 2013년 KBS 연예대상에서 3개 부문을 수상하기도 했습니다. '카더라 통신'을 통해 전해지는 스타들의 연예인병은 이미 대중들 사이에서는 공공연한 비밀인데요. 이 병이 대한민국 연예계 뿐만 아니라 헐리웃에서도 유행이라는 소식이 전해져 화제입니다. 과연 헐리웃 관계자들이 뽑은 함께 일하기 싫은 스타에는 누가 있을까요?  
 
1. 발 킬머
 
 

 
꽉 다문 입에 수줍은 미소, 유난히 반짝이는 눈매까지. 발 킬머는 [툼스톤], [윌로우], [고스트 앤 다크니스], [세인트] 등의 다양한 장르의 영화에 출연하며 90년대를 대표하는 스타로 발돋움 했습니다. 올해로 영화 데뷔 35년차, 전히 에너지 넘치는 그는 명불허전 최고의 연기파 배우이나,  헐리웃이 인정하는 악동이기도 합니다.
 
헐리웃에 첫 발을 내딛은 70년대부터 연기 실력은 또래 아역 배우들에 비해 월등히 뛰어났지만 안타깝게도 그는 감독의 말을 잘 듣는 어린이는 아니었습니다. 심지어 발 킬머는 열 두살때 첫 배역이었던 햄버거 광고 촬영 현장에서 조차 '도저히 못하겠다'며 햄버거를 집어 던지고 집에 가 버려 스탭들을 당황하게 만들었습니다. 발 킬머가 얼마나 컨트롤 하기 힘든 배우인지에 대해서는 [베트맨 포에버]를 함께 작업한 조엘 슈마허 감독의 인터뷰에서도 엿볼 수 있는데요. [타임 투 킬], [오페라의 유령] 등 명작들을 연출했던 명장 조엘 슈마허 조차도 ""발 킬머는 지금까지 작업한 배우들 가운데 가장 다루기 어려운 배우였다""라고 말한 바 있습니다.
 
 
2. 케서린 헤이글
 


 
한국인 딸을 입양하여 사랑으로 키우는 모습이 알려지면서 '개념 배우'로 인정받고 있는 케서린 헤이글. 그러나 미국 내에서 그녀는 둘째가라면 서러울 비호감 배우로 손꼽힙니다. 2013년 폭스뉴스가 조사한 '헐리웃 밉상 배우 top20' 에서 그녀는 저스틴 비버, 마돈나를 누르고 5위에 랭크되는 굴욕을 맛보기도 했습니다. 복수의 관계자들은 '케서린 헤이글이 자신이 맡은 배역이 예쁘고 섹시하게 그려지지 않으면 곧바로 감독에게 달려가 클레임을 제기한다'고 밝혔습니다. 그녀의 '스타병'은 출세작 [그레이 아나토미] 때 부터 공공연한 비밀이었는데요. 그녀는 촬영 현장에서 극중 러브라인을 형성하는 '조지 오말리'와의 관계가 마음에 들지 않는다며 클레임을 제기하여 감독과 작가를 당황하게 한 전력이 있습니다. 여기에 그치치 않고 그녀는 새로운 시즌에 출연 계약을 맺으며 터무니 없이 높은 금액을 제시, 제작진을 곤란하게 만들었습니다. 임산부로 출연했던 영화 [사고친 후에]에서는 '자신이 섹시하게 나오지 않는다'는 이유로 또 한번 클레임을 제기하여 팬들의 눈쌀을 찌뿌리게 했습니다. 
 
이렇듯 무례한 행동과 도를  넘어선 요구 때문에 케서린 헤이글은 주연급 배우에서 순식간에 '대사 하나 없는' 광고 속 모델로 전락했습니다. 과연 그녀는 헐리웃에 성공적으로 복귀할 수 있을까요? 귀추가 주목됩니다.
 
 
3. 기네스 펠트로
 


 
'헐리웃 왕따', '미국인이 가장 싫어하는 연예인' 등 기네스 펠트로에게는 아름다운 외모와 걸맞지 않는 수식어들이 따라붙습니다. 대중이 아름다운 그녀를 외면하는데에는 때와 장소를 가릴줄 모르는 그녀의 말실수와 남성편력 등의 이유가 있습니다. 한편 기네스 펠트로는 위노나 라이더의 배역을 빼앗은 것으로도 유명한데요. 그녀는 절친한 친구였던 위노나의 집에 방문했다가 우연히 '어떤 작품'의 대본을 발견합니다. 곧바로 영화사에 전화한 기네스 펠트로는 자신이 그 역할을 맡겠다고 하며 친구의 역할을 빼앗습니다. [셰익스피어 인 러브]의 바일로라 드레셉스 역이 바로 그 것이죠. 이 일로 그녀는 헐리웃의 가장 매너없는 여배우로 등극했고 절친한 친구도 잃지만 아카데미 여우주연상 수상이라는 타이틀을 얻습니다.
 
한편 기네스 펠트로는 촬영 현장에서도 까탈스럽기도 유명합니다. 그녀는 특히 현장이나 숙소에서 화장실을 쓰기 전, 욕실이 완벽하게 건조되어 있는가를 체크한다고 합니다. 덕분에 스탭들은 영화와는 아무런 상관도 없는 화장실을 청결하게 유지하기 위해 애써야 한다는 후문입니다. 이는 [아이언맨2] 촬영 현장에서도 마찬가지였는데요. 기네스 펠트로는 함께 출연한 스칼렛 요한슨을 철저히 무시했고, 스칼렛 요한슨 역시 이에 맞대응했습니다. 덕분에 두 여배우는 촬영 현장에서 단 한 마디도 나누지 않았다는군요.
 
4. 러셀 크로우
 


 
600만 관객의 눈물샘을 자극했던 영화 [레 미제라블]에서 정의 앞에서 타협할 줄 모르는 '자베르 경감'을 맡았던 러셀 크로우. [글래디에이터], [신데렐라맨], [어느 멋진 순간] 등 다양한 장르의 작품들에서 무게감 있는 연기를 보여주었던 그는 명불허전 헐리웃 최고의 연기파 배우입니다. 
 
그러나 러셀 크로우의 사생활은 지금까지 그가 연기해왔던 모습과는 사뭇 다른 것 같습니다. 영화 제작사와 감독들이 밝힌 '러셀 크로우와 함께 일하기 싫은 이유'는 그의 폭력성과 주사 때문입니다. 2000년 [글래디에이터]의 '막시무스'로 세계적인 스타가 된 후 그는 크고 작은 문제들을 일으키며 헐리웃 악동으로 자리매김 했는데요. 이에 그치지 않고 지난 2002년에는 술자리에서 여성을 폭행, 구설수에 오르기도 했습니다. 심지어 그는 만취 상태에서 육탄전을 벌이기도 했으며, ""죽여버리겠다""는 어조의 협박 전화를 하여 감독을 두려움에 떨게 하기도 했습니다.  
 
러셀 크로우는 한편 헐리웃 신사의 대명사인 '조지 클루니'를 원색적으로 비판, 큰 비난을 샀는데요. 그는 2005년 한 잡지 인터뷰에서 ""조지 클루니, 해리슨 포드, 로버트 드 니로는 이미 퇴물배우다""라고 말해 팬들을 놀라게 만들었습니다. 이에 대해 조지 클루니는 ""친구, 우리 둘이 싸우면 좋아할 사람은 피플 매거진 말고는 없을 것이다. 지금 정말 잘못한거다""라고 여유있게 대처하며 눈길을 끌었습니다.
 
5. 에드워드 노튼
 

 
 [인크레더블 헐크], [본 레거시]의 스타 에드워트 노튼은 연기에 대한 열정과 헌신으로 유명합니다. 그러나 지나친 열정은 함께 일하는 사람들을 괴롭게 만들때도 있습니다.
 
에드워드 노튼은 스탭들에게 압박을 주는 것으로 유명한 배우입니다. 그는 2010년 한 매체와의 인터뷰에서 ""열정 있는 스탭들을 만난다면 촬영장은 생기 넘치고 아이디어는 샘솟는다. 때문에 영화는 재미있어 질 수밖에 없다""고 말하여 스탭의 중요성을 강조했습니다. 그러나 반대의 경우에는 촬영 현장의 분위기가 심각해지며, 이는 곧 흥행 참패로 이어지기도 한다고 덧붙였습니다. 그는 또한 작가의 중요성에 대해 수 차례 강조했는데요. ""작가가 노력하지 않는다면 영화는 결코 흥행에 성공할 수 없다""고 말하며 그 중요성을 역설했습니다. 함께 일하기는 힘들지만 에드워드 노튼의 완벽주의는 [아메리칸 히스토리X], [일루셔니스트] 등의 걸작을 만들어 냈습니다. 
 
 
6. 제임스 카메론
 


 
[터미네이터], [타이타닉], [아바타] 등 전 세계 영화 역사에 길이 남을 작품들을 만들어낸 명장 제임스 카메론 감독. 예순이 넘은 나이에도 불구하고 여전히 활발하게 작품 활동을 하고 있는 그는 많은 배우들이 꼽은 '함께 작업하고 싶은 감독'입니다. 
 
제임스 카메론 감독이 이토록 좋은 작품을 만들 수 있었던 이유는 그의 유별난 완벽주의 덕분입니다. 이는 지난해 [타이타닉]이 3D로 재개봉했을 때의 에피소드를 통해 엿볼 수 있습니다. 영국의 일간지 텔레그라프의 보도에 따르면 미국의 천문학자인 닐 드글라스 타이슨은 [타이타닉]을 보던 중 화면에 보인 별자리가 '타이타닉 호' 침몰 시기와 맞지 않는다는 것을 발견했습니다. 대다수의 제작진들은 수정 없이 진행할 것을 주장했으나 제임스 카메론 감독은 타이슨이 보낸 성를 바탕으로 영화를 다시 수정한 것으로 알려졌습니다. 스토리에 영향을 미치지 않는 부분이라도 어느 것 하나라도 허투로 하지 않겠다는 감독의 의지가 잘 드러나는 부분입니다. 한편 그는 만족할만한 컴퓨터 그래픽 기술이 나올 때까지 [아바타]의 제작을 10년 넘게 기다린 것으로 알려져 다시한번 '의지의 카메론'이라는 칭호를 얻었습니다.
 
 
무비라이징 최신기사 | 클릭시 쾌적한 미디어라이징 홈페이지로 연결됩니다.
· 알고계셨나요? 헐리웃 스타들의 진짜 이름을…
· 2014년 한국영화 대작! 황정민,김윤진 주연의 [국제시장]
·인간 VS 유인원의 전쟁 시작! [혹성탈출:반격의 서막] 예고 공개 미디어라이징 인기기사 | 클릭시 쾌적한 미디어라이징 홈페이지로 연결됩니다.
· 헐리웃 스타병! 관계자들이 뽑은 같이 일하기 싫은 스타들
· 응답하라 1994 '삼천포' 김성균 [용의자]로 돌아오다
· 기대감 폭발! 주목할만한 2014년 스프링 캠페인
 
"
36,"제임스 카메론의 다음 작품활동들은? - 아바타2,3,4, / 총몽(battle angel)",pell****,"
제임스 카메론이 향후의 작품 활동에 대해 입을 열었습니다. 향후 이 감독의 작품군은 크게 아바타 시리즈와 총몽으로 나뉘는데요. 원래 계획은 총몽을 만들고나서 아바타 후속편을 작업하려 했지만, 계획을 바꿔서 아바타 후속편을 먼저 개봉하기로 했답니다. 참고로 총몽은 키시로 유키토가 지은 만화로 미래 사회를 배경으로한 SF 카툰입니다. 애니메이션으로도 만들어진 바 있구요. 국내에는 서울문화사에 의해 번역되어 있습니다. 제임스 카메론은 일본 만화에도 관심이 많은가봐요. 최근에 캡틴 하록의 3D 애니메이션 개봉 카피라이트에도 제임스 카메론이 극찬한 만화라고 소개되어 있었죠. 캡틴하록의 3D영화화도 제임스 카메론이 했다면 좋았을텐데...니혼진 감독이 메가폰을 잡고는 폭망했죠..    ↓총몽 애니메이션 트레일러      자연친화적 메시지를 담고 있었던 아바타의 성공에 힘입어, 제임스 카메론은 관객들에게 이 이야기의 나머지를 더 빨리 들려주고 싶었다고 합니다. 관객들의 아바타를 향한 호응은 곧 아바타 이야기를 어서 완결지으라는 감독에의 요구로 해석되었다는 건데요. 그래서 총몽의 개봉을 아바타 씨퀄 개봉 이후로 미뤄버린거죠 ㅠㅠ 사실 아바타의 메시지는 자연친화적이었지만, 동시에 자본 비판적이기도 했죠. 자연을 파괴하는 것은 개발논리이고, 그 개발논리는 자본의 자기증식이라는 자본주의 원리에 기반한 것이었으니까요.  현재 아바타 씨퀄 작업은 2,3,4편이 동시에 진행중이라고합니다. 또 향후 6주 안에 2,3,4편의 스크립트 작업을 완결지을 거라고 하네요. 폭스사는 이미 2,3,4편을 2016년 12월, 2017년 12월, 2018년 12월에 연이어 개봉한다는 계획을 내놓았죠. 반지의 제왕이 1,2,3편을 뉴질랜드에서 동시에 제작하고, 차례로 2001년부터 2003년까지 12월 크리스마스 때마다 개봉한 것을 떠올리게 하네요. ㅎ  또 제임스 카메론은 작년 말에 돌았던 루머인 아놀드 슈월츠제네거의 아바타 빌런 등장설레 대해서도 언급했는데요. 그는 이 루머가 사실 무근이라고 답했습니다. 현재 스크립트 상 아놀드 슈월츠제네거의 자리는 없다고 못박았습니다. 이미 전편에서 빌런 쿼리치 대령으로 열연했던 스티븐 랭(Stephen Lang)이 씨퀄에서도 돌아오는 게 확정되었죠. 1편에서 네이리티의 화살을 맞고 죽는 걸로 나왔는데요. 쿼리치 대령이 유전기술을 통한 복제인간이든, 아니면 쌍둥이 인물이든, 또 아니면 기적적으로 살아났든지 간에요. 따라서 굳이 아놀드 슈월츠제네거라는 대형 스타를 빌런으로 들일 이유도 없는 것일테죠.  후속편에는 스티븐 랭 뿐 아니라 샘 워싱턴, 조 샐다나 등의 1편 주인공들이 그대로 돌아옵니다. 2016년 12월 개봉이니, 좀 많이 남아있네요. 까마득...ㄷㄷㄷ      
"
37,아바타2 후속편 내용과 개봉일은 어떻게 될까요??,wym1****,"
 
아바타2 후속편 내용과 개봉일은 어떻게 될까요??
 
 
 
지난 2009년 세상에 나와 그야말로 전 세계를 깜짝 놀라게 했던 영화
<아바타>의 후속편에 대한 추가 소식이 들려왔네요! 히히
 




아바타 2

감독 
제임스 카메론 
출연 
시고니 위버, 스티븐 랭, 조 샐다나, 샘 워싱턴 
개봉 
2017 미국 
리뷰보기 
﻿
그동안 어떤 영화에서도 볼 수 없었든 3D기술은 물론
3D캐릭터와 실제 배우가 한곳에 섞여 연기를 함에도
전혀 어색함이나 이질감 없이 극이 진행되는 점에서는
이러다 나중에는 배우가 필요없는 영화가 만들어지는게 아닐까...
하는 어쩌면 쓸대없는 걱정을 하게 만들기에도 충분했죠??
 
 

 
 
<아바타>가 만들어지기까지 기나긴 준비기간이 필요했던
<아바타> 후속편에도 역시나 기나긴 준비기간이 필요했고
<아바타2>의 경우 2017년 12월 25일 개봉일이 확정되어있는 상태 입니다.
그 후 매년 <아바타3>, <아바타4>가 개봉을 할 예정이죠!!
 
 

 
 
그리고 최근 들려온 소식에 의하면 1편에서 죽은것으로 그려졌던
시고니 위버의 그레이스 박사가 출연함이 확인되었다고 합니다! 오??
자신의 새로운 아바타와 함께 극을 주도할것으로 알려졌으며
눈길을 끄는 악역으로 분했던 스티븐 랭 역시도
쿼리치 대령으로 출연이 확정되었다고 합니다!!
 
 

 
 
그외에 주연진인 샘 워싱턴, 조 샐다나 등 주연습 배우들 역시도 다시 등장하지만
차콘 역을 맡았던 미셸 로드리게즈만큼 합류하지 못했다고 하여
많은 팬들이 아쉬워할듯 하네요! <아바타2>는 인간, 그리고 나비족과의
갈등이 더욱 잔인하게 그려질것으로 알려졌는데 감독에서 벌어지는
사건들을 소재로 할것이라 알려져 더욱 많은 궁금증을 자아내는듯 합니다!
아직도 개봉일까지 많은 시간이 남아있어 하루 빨리 만나보고싶은 마음뿐이네요!
"
38,"영화 '아바타' 속편 2, 뉴질랜드서 촬영 착수 2016년 12월 개봉",weho****,"
아바타2 제임스 캐머런 감독 
시고니 워버, 스티븐 랭 출연 
제임스 카메론 감독은 영화 아바타의 속편을 영화 대부 3부작 처럼 만들 것이라고 밝혔다. 
또한 아바타2 내용중 판도라 특유의 바다 문화를 다루기 위한 물속과 수면 위의 장면들이 충분히 들어갈 예정이라고 한다. 
이어 아바타 속편 2편뿐 아니라 3,4편도 뉴질랜드에서 촬영을 진행한다. 
배우 샘 워싱턴과 조 살다나는 각각 제이크와 네이티리 역으로 재등장한다. 
촬영은 내년 10월부터 시작할 계획이라고 함. 
 




아바타 2

감독 
제임스 카메론 
출연 
시고니 위버, 스티븐 랭 
개봉 
2016 미국 
리뷰보기 
 

"
39,와..우..' 아바타 2 ' 에선 판도라의 엄청난 해양 스펙타클을 보게 될것 ,d9st****,"


TANK REPORTER
와..우..' 아바타 2 ' 에선 판도라의 엄청난 해양 스펙타클을 보게 될것 
제임스 카메론  감독의  차기작으로 ' 아바타 2 ' 와 ' 아바타 3 ' 가 제작되고 있다는 것은 다들 알고 계실 거라고 보여진다. 얼마전  카메론 감독이  전편에서 죽은  시고니 위버 캐릭터를 어떤 식으로 부활할 것인지에 대해 전한바 있었는데, 나이트라인과의 인터뷰를 통해  속편에  대한 더욱 자세한  힌트를 언급했다고 한다.  아시다시피 ' 아타바 2 ' 는  판도라 행성의 해양에 초점을 둘 것이라는 것이다. 이에 대해   제임스 카메론 감독은 다음과 같이  언급했다고 한다.
 
                   
 
""  ' 아바타 2 ' 는  판도라 행성을 배경으로 한다. 난 2편과 3편의 시나리오를 동시에 집필하고 있는 중으로  완벽한 3부작 스토리라인을  갓추었다고 본다. 여러분들은  이번  속편에서 판도라의 해양을 보게 될 것이다.  전엔 보지 못한 , 그리고  내가 죽을 각오로 심혈을 기울려 디자인한 스펙타클한  판도라의 해양 생태계를 보시게 될 것이다. ' 아바타 2 ' 는  단지 열대우림이나 자연이 아닌  해양에만 초점을 둘 것이다. 왜나면  판도라 행성은 푸른 행성이기 때문이다. 어찌보면 지구 또한  이보다 더 푸른 행성으로 여겨지기도 한다. 아시겠지만 , 우리는 현제 종들이  살수 없는 해양 문제에 직면에  있다는 것이다. 그래서 난 이번 속편에서 해양 문제를  조금이나마 다루게 될 것이다. 그래서 난 이와 같은 방향에  조그만 에너지를 투여할 것이다. 그것이 속편을 제작하게 된 이유다. ' 고 언급했다고 한다. 
 
이어서 그는  이번 속편의  톤과 스타일에 대해  언급했다고 한다. ""  내가 생각하기에 이번  속편도 전편의 연속성에 있다고 보여진다. 난 관객들이 전편과 같은  판도라 세계에 대한 흥분과 흥미를 느낄수 있기를 바란다.  가상의  나비족들과 난  관객들이  상상하지도 못한  전혀 새로운 세계의  발견에 관해 흥분을 느끼실수 있기를 바라고 있다. 전편의 주제와 감흥도 이번 작품에서 그대로 느낄수 있고 , 무엇보다  관객들이  받아들일수  있는 방향으로 그려낼 것이다.  난  이렇게 말하지 않을 것이다. '  전편에서  환경적인 내용이 좀 부족했다면 이번엔  두배로 다루어 볼까 ' 라고 말이다.  난 오직 첫째로 중요한 것은 엔터테인먼트 즉 재미라고 생각하고 있다. ' 고 언급했다고 한다. 
 
아직  ' 아바타 2 ' 와 ' 아바타 3 ' 의  구체적인 스토리는 밝혀진바 없다.  하지만 다시 한번 전편처럼  판도라의 놀라운 해양세계를 어떤 식으로  그려낼지 기대를 모으고 있다는 것이다. 과연 이번엔 어떠한  시각적 즐거움을 전달해 줄지.. 무척 기대된다. ' 아바타 2 ' 는 2014년 12월  ' 아바타 3 ' 는 2015년 12월에 공개 예정. - 탱크 리포터-
"
40,<아바타 2> 2017년 크리스마스 개봉 연기 결정,ges5****,"
 ‘아바타’의 제임스 카메론 감독이 ‘아바타2’를 2017년 크리스마스에 개봉하겠다고 밝혔습니다. 그는 22일(현지시간) 몬트리올 가제트와 인터뷰에서 “‘아바타2’를 2017년 12월 25일에 개봉할 것”이라면서 “3편의 영화는 모두 이어지는 메타 이야기 구조”라고 설명했습니다.  ‘아바타2’에는 샘 워싱턴, 조 샐다나, 시고니 위버, 스티븐 랭이 전편에 이어 그대로 출연합니다. 시고니 위버는 전작과는 다른 캐릭터를 연기할 예정이라고 합니다. 각본은 ‘혹성탈출:진화의 시작’의 릭 자파, 아만다 실버 부부, 그리고 ‘우주전쟁’의 조쉬 프리드먼, ‘아마겟돈’의 쉐인 샐러노가 제임스 카메론 감독과 함께 쓰고 있다고 하는군요. 이들은 2편, 3편, 4편의 각본을 동시에 쓰는 중이라고 합니다. 2편이 2017년 크리스마스, 3편은 2018년, 4편은 2019년에 각각 개봉합니다. 제임스 카메론 감독은 3부작을 동시에 제작하는 중입니다.   그는 “2년에 걸쳐 디자인 작업을 끝냈는데, 길고 힘든 작업이었다. 크리처와 배경 모두 완성됐다. 새로운 판도라 세계를 보게 될 것이다. 각본은 쓰는 중이고, 거의 마무리 단계다. 기술적인 부분은 모두 끝났고, 세트도 완성됐다”고 말했습니다. 2009년 개봉한 ‘아바타’는 3D 액션 블록버스터에 혁명을 몰고오며 세계적으로 27억 달러(한화 3조 1,900억 5,000만원)의 수익을 올렸습니다. 
"
41,역대 천만관객 외국영화 [역대천만영화],mdki****,"

﻿역대 천만관객
외국영화
​
안녕하세요 ~
어린이 성장 클리닉
키네스 목동 이에요 !!
​

​
http://blog.naver.com/mdkiness/220496625310
역대 천만관객 한국영화 1위부터 13위까지 [역대천만영화]﻿역대 천만관객 한국영화
 1위부터 13위까지
 ​
 안녕하세요 ~
 어린이 성장 클리닉
 키네스 목동 입니다 !
 ​
 
 ​
 최근...blog.naver.com
​바로 어제 천만관객 한국영화를 알아봤어요 ~
그래서 오늘은 천만관객 외국영화를 알아볼까 합니다 !
​
바로 시작 할까요 ?!
​

​
​
​4위
​
​인터스텔라
개봉일 : 2014년 11월 6일
관객수 : 누적 10,278,889명
​
늘 그랬듯이 답을 찾겠다고 외치던 인터스텔라 입니다.
천만이 넘었는지 몰랐는데 이번에 찾아보니 넘었군요 ~
​
최근에 우주에 관련된 영화들이 많이 나오는데
우주에서의 도킹 장면 등이 손에 땀을 쥐게 하는 영화였습니다.
​
​
​
3위
​
겨울왕국
개봉일 : 2014년 1월 16일
관객수 : 누적 10,296,101명
​
요즘도 겨울왕국 캐릭터 상품을 들고 다니는 여자 아이들이 많죠 ~
엘사와 안나가 불렀던 노래들도 굉장히 오랫동안 유행을 탔습니다.
​
​애니메이션이 천만관객인 경우도 처음 보는군요 ^^
​
​
​
2위
​
어벤져스 : 에이지 오브 울트론
개봉일 : 2015년 4월 23일
관객수 : 누적 10,494,499명
​
울트론과 싸우는 어벤져스 군단의 이야기 입니다.
마블 시리즈 영화들이 각자의 스토리로 나오다가
어벤져스에서 힘을 합쳤더니 관객수도 껑충 뛰었네요 ~
​
국내 촬영분이 있다보니 더욱 관객들이 몰리지 않았나 싶습니다.
​
여담으로 어벤져스 촬영 장소 근처에서 베테랑을 촬영하던 유해진을 보고
유해진이 어벤져스에 출연한다는 루머가 돌기도 했었죠 ~​
​
​
​
1위
​
아바타
개봉일 : 2010년 9월 4일
관객수 : 누적 13,302,637명
​
1위는 예상하고 계셨죠 ?
타이타닉의 제임스 카메론 감독이 들고 나왔던 새로운 세상 !
​
스토리도 좋았고 컴퓨터 그래픽도 좋아서
실사 영화와 같은 느낌이 가득 했습니다.
​
3D 영화 시장을 넓혀준 영화라고 볼 수 있겠죠 ?
​
제임스 카메론 감독의 아바타 2가 개봉한다는 소문이 있는데
확실한 것은 나와봐야 알겠네요 ^^
​
​
​
역대 천만관객 영화들을 찾아보니
한국영화가 13편, 외국영화가 4편 입니다.
​
첫 천만관객 외국 영화인 아바타 이후로 
4년만에 천만영화가 나왔죠 ?
​
최근에 천만영화가 많이 나오는 것도 맞지만 !!​
외국영화가 우리나라에서 천만을 넘는 것이 조금은 힘든듯 보이네요 ^^
​
​http://blog.naver.com/mdkiness/220484355473
9월 24일 앤 해서웨이 로버트 드니로 주연의 영화 인턴 개봉 전 봐야 하는 앤 해서웨이 ...9월 24일 앤 해서웨이 로버트 드니로 주연의
 영화 인턴 개봉 전 봐야하는 앤 해서웨이 출연 영화 5편
 ​
 안녕하세요 ~
 어린이 키성장 클리닉
 ...blog.naver.com
​
▲▲▲ 앤 해서웨이 출연 영화 5편에 대한 내용 한번 보고 가세요 ! ▲▲▲​
​
​
​
"
42,역대 흥행감독들의 6가지 법칙,teru****,"



The 6 Rules Of  Highly Effective  Director In All-Time U.S. Box Office  
 

 
 
 
 
 


01

 
 

02



 
 
 

03
 
 
 
 
 

Director's Rules. 
 
Part I

01 화제만발 시리즈물을 갖고 있는가?
 
 먼저 제임스 카메론의 [터미네이터], 샘 레이미의 [스파이더 맨], 피터 잭슨의 [반지의 제왕] 3부작, 고어 버빈스키의 [캐러비안 해적], 콜럼버스의 [나홀로 집에] [해리포터], 조지 루카스의 [스타워즈] 스티븐 스필버그와 조지 루카스의 [인디아나 존스] 등과 같이 부가가치가 큰 시리즈물은 필수조건이군요.
 
 ---------------------------------------


02. 남다른 상상력을 시퀀스로 구현해내다.
 사람들이 영화를 보러 (집이 아닌) 극장에 가는 결정적 사유는 큰 은막의 스크린 화면과 빵빵한 돌비사운드일 것이다. 그 큰 화면에서 만나는 스펙타클한 화면을 본다는 기대심리가 자신의 기회비용을 영화관에 투자하는 이유일 것이다.
 
 또 메이저 영화사들이 한 영화에 1억~2억불이니 천문학적 제작비를 선뜻 내놓는 것은 멋진 화면, 즉 인상적인 씬들의 집합인 시퀸스를 구현해내라는 의미로 해석해도 크게 틀린 말은 아닐 것이다.
 
 아주 단순하게 생각해보자! 영화를 찍는다는 것은 콘티(초안)을 바탕으로 환상적인 씬들을 이어 붙여 하나의 독립적인 이야기(시퀀스)가 여러 개 붙여진 것일지 모른다.
 
 스필버그의 <쥬라기 공원>에서의 공룡들, 카메론의 T800, 팀 버튼의 <가위손>,<배트맨>, 피터 잭슨의 헬름 협곡 씬, 콜럼버스의 <나홀로집에>에서 악당 퇴치 장면, 샘 레이미의 <스파이더맨>, 로버트 제멕키스의 <백투더퓨처> 등은 남과는 다른 독창적인 시각적 쾌감으로 관객들의 구미를 당긴다는 점이죠.
 

03. 공포물 등 B급 정서에 강하다 
 
 공포물에 공포영화광이 아닌 일반관객을 붙들어 둔다는 것은 대단히 어려운 일이죠. 이 같은 불쾌감, 혐오감을 일으키는 B급 정서를 잘 살린다는 점은 돌이켜 생각해보면 두 가지 장점을 지닌 감독일 것입니다. 
  예컨대 스필버그의 <죠스 >,고어 버빈스키의 <링>, 피터잭슨의 <데드 얼라이브>, 샘 레이미의 <이블 데드>, 팀 버튼의 <슬리피 할로우> 등에서 보이는 관객을 붙들어 매는 솜씨는 분명 시각적 상상력, 내러티브의 연관성이 풍부한 감독임을 증명하는게 아닐까요?
  
  
 
 
 
 
 




04
 
 
 

05

 
 

06


Diretor's Rules
 
Part II

04.스펙타클한 액션의 기본은 서스펜스다.
 
 <추격자>은 잔인한 장면이 없음에도 얼마나 치열하게 스크린을 응시했던가?
 
 돈을 퍼부은 물량공세, CF 뮤비 같은 현란함 보다 관객을 긴장시키고 이완시키는데 능한 자만이 멋진 액션감독이 아닐까?
 
 사실 액션에 들어가기 전부터 이미 긴장감을 붙어 넣지 못한다면 10, 20년 뒤 그 영화를 떠올리기란 어렵지 않을런지?
 
 스필버그의 <쥬라기 공원>, <인디아나 존스>, 카메론의 <터미네이터2>,<에일리언2>, 피터 잭슨의 <킹콩>, 레이미의 <스파이더 맨>등에서 이런 점이 잘 구현되었다 생각합니다.
 
 영상에 감정을 불어넣는 순간 관객들은 자신이 지불한 돈 생각을 하기보다 그저 스크린을 응시하며 영화에 빨려들어 갈 것이다. 
 
 물론 극장 문을 나서는 순간 미소를 짓는 건 보너스일 뿐이다.

05. 루카스/스필버그와 인맥이 있는가? 
 
 
 깜짝 퀴즈 하나, 로버트 저멕키스, 론 하워드, 크리스 콜럼버스 3명의 공통점은? 
 
 
 
 
 스필버그/루카스와 인연이 있던 사람들이란 거죠. 
 
 역시 사회는 인맥이군요!  
 
 

06.서사구조에 능수능란하다 
 
 4번처럼 관객을 들었다 놓았다하는 서스펜스에 능하다면 아마 이야기를 잘 풀었다 닫는 감독일 겁니다. 
 
 음악에서 작곡이 중요하듯 영화에는 시나리오가 중요합니다. 하지만 시나리오의 줄거리를 전개할 능력이 없다면 그건 영화가 아니라 활동사진에 불과할 겁니다.
 
 제임스 카메론의 <타이타닉>, 제메키스의 <포레스트 검프>, 스필버그의 <쉰들러 리스트>, 피터 잭슨의 <반지의 제왕> 방대한 원작을 얼마나 훌륭히 풀어냈던가?) 등의 작품을 잠시 생각해보자.
 
 크리스 콜럼버스, 제임스 카메론, 조지 루카스, 로버트 저멕키스, 피터 잭슨 등이 각본을 직접 쓰는 이유에 대해 생각해보신 적 있으신가요?
 
 사실 영화란 시나리오를 영상으로 찍는 작업일지 모릅니다.또 누군가가 좋은 시나리오를 절반만 제대로 구현해도 성공한다고 했던가? 
 

Written By nEo sOul cHild      
 
 

"
43,이런... 일본  재난으로 인하여  ' 아바타  2'  제작에 차질 ..,d9st****,"

TANK REPORTER
이런... 일본  재난으로 인하여  ' 아바타 2 '  제작에 차질 ..
작년에  제임스 카메론의  차기작으로 ' 아바타  2' 와 ' 아바타 3' 가 확정되었다는 소식과 더불어 , 이번 속편은 전편과는 다른  판도라의 환경을 다룰 것이라는 소식을 전한바 있었다. 카메론이 밝힌바에 따르면 ,  이번  속편에선  판도라 외에  다른 알파 행성과 더불어 , 판도라의 해양 환경 에 더욱  초점을 둘 예정이라고 전한바 있었다.  그런데 최근  ' 아바타 2' 의 사전 제작에 약간의 문제점이 발생했다고  코로나커밍어트랙션 이  전하고 있다고 한다.  그 원인은 바로 최근 발생한 일본의  지진 때문이라고 전하고 있다.  이 지진으로 인하여 사전 제작 일정에 차질이 생겼다고 전하고 있다. 
 
            
 
아시는지 모르겠지만 , 작년9월에 제임스 카메론  감독은  이번 ' 아바타 2' 의 일부 장면을 위해  세계에서 가장 깊은 곳으로  유명한  서태평양의 마리아나 화구 속으로  잠수해 들어갈 계획을 지니고 있었다고 오스트레일리언 지가 전한바 있었다. 특수 잠수정을 개발 ,거기에  자신이 고안한 3D카메라를  장착하고 수심 11Km 에  달하는  마리아나 화구 바닥까지 들어가 심해 생물 탐구와 더둘어 일부  장면을  촬영할 게획이었다고 한다. 하지만 동 사이트에 따르면 ,  최근 일본 지진으로 인하여 , 카메론의 이번 계획에 상당한 차질이 생겼다고 한다. 여진으로 인하여 위험할수도 있기 때문이라고 한다. 폭스사는  카메론과  잠수부등을  생명이 담보로  위험한 곳으로 들어가는 것을 원하지 않고 있다고 한다. 또한  엄청난 보험 비용도  부담으로 작용한 것으로 보인다고 전하고 있다. 최소 몇년간은  사전 제작이 불가능 하게 될지도 모른다고 전하고 있다. 하지만  중요한 것은  ' 아바타 2' 의  2014년 공개 까지는 아직  시간이 충분히 있다는 것이다. 
 
이미  일본 재난으로 인하여 ' 울버린 2 ' 마저 제작에  차질이 생긴 폭스사로선 상당히 안타까운 일이 아닐수 없을 것으로 보여진다.  이 마리아나 화구는 지금까지  단 한번만 인간의 발길을 허용할 정도로  세상에서 가장 깊은  심해라고 한다.  1960년대  스위스 과학자들과  미  네이비 요원들이  마리아나로 들어간 적이 있었는데, 그 이후 단 한번도  인간의 발길을 허용한 적이 없다고 한다.  제임스 카메론은 실제로  들어가  거기서 존재하는 심해 생물을  토대로  판도라  해양 생물을  창조할 것으로 보인다고  한다. 과연 어떠한  환상적이고 이국적인 생물을  창조해 낼지 상당히기대할 수밖에 없을 것으로 보여진다. 
 
이번  속편이  해양을 배경으로  제작되지만 그렇다고 , 카메론의 ' 어비스 ' 같은  영화는 아니라고 전에 제작자 존 랜다우가 밝힌바 있었다.즉 이 말은  해양을 배경으로 하지만 , 전체 영화가 바다속에서  진행되는 것은 아니라는 의미로 보여진다. 단지  판도라의 거대한  풍경의 일부인 해양을 속편에서  좀더 깊게 다루어 진다는 의미로  해석하는 것이 좋을듯 하다.  전펴과는 다르게 더욱 스케일있고 스펙타클한 비중얼  영상과 액션을 선보여줄  ' 아바타 2 ' 와 ' 아바타 ' 3' 는 각각 동시 촬영될 예정이며 ,각각 2014년과 2015년  크리스마스에 공개될 예정이다. - 탱크 리포터-
 
                                      
 
"
44,20세기 폭스사의 개봉라인업이 공개되다,sch0****,"
 
 
20세기 폭스사의 개봉라인업이 공개되다 
 
#이 글을 쓰기 전에
 
지난 9일 오후 왕십리 CGV에서 20세기폭스사 올해 하반기와 내년 시즌
 
라인업이 공개된 쇼케이스가 열렸다
 
물론 저도 가서 함께 하고 싶었지만 초대도 없었고 그래서 그냥 포기헀다는 ㅠㅠㅠ
 
아무튼  기사를 통해 알게 된 가운데 20세기폭스사가 이번 쇼케이스를 통해
 
공개된 라인업들을 지금부터 얘기해보겠습니다
 
(여러 기사랑 영화정보를 검색해서 이렇게 글 써봅니다..)
 
부족해도 이해해주시길...
 
 
# 20세기 폭스사의 개봉 라인업
 

 
프로메테우스 (6월 6일)
감독;리들리 스콧
주연;누미 라파스,마이클 패스벤더
-무슨 말이 필요하겠나.. 기대치만큼 실망이나  안했음 좋겠다 
 
 

아이스 에이지4;대륙이동설 (7월)
감독;스티브 마티노
주연;레이 로마노,존 레귀자모
-1,2,3편의 연출을 맡은 카를로스 살다나 감독의 부재가
 영화에 어떤 영향을 미칠지 
-우리말 더빙에 개그콘서트의 꺾기도 코너에 출연하시는 분들이
참여했다고 한다 
 
 

링컨;뱀파이어 헌터 (8월)
감독;티무르 베크맘베토브
주연;벤자민 워커
-<원티드> 감독이 선사하는 참 독특한 설정의 뱀파이어물
-진짜 이래저래 호불호가 엇갈릴 것 같다
 

테이큰2 (9월 추석)
감독;올리비아 메가턴
주연;리암 니슨
-1편의 성공에 힘입어 2편은 폭스가 직배를 맡았다
-아무래도 추석에는 액션영화가 제격이 아닐까라는 생각에
 북미보다 먼저 추석시즌 개봉을 결정지었나보다
-레지던트 이블5와의 액션 영화 정면대결에서 누가 이길지 궁금하다 
 
라이프 오브 파이 (크리스마스)
감독;이안
주연;토비 맥과이어,이르판 칸
-얀 마텔의 소설 '파이 이야기'를 이안 감독이 영화화했다
 
다이하드5;굿데이 투 다이 (2013년 2월)
감독;존 무어
주연;브루스 윌리스
-솔직히 브루스 윌리스씨야 걱정 안 되지만 <맥스페인>으로
이래저래 욕 먹은 존 무어 감독이 연출을 맡아서 걱정이 된다
-우리나라에서는 아마 설 시즌에 개봉하지 않을까 싶다..
(북미 개봉은 2월 14일인데..그게 설 연휴 끝나고 나서이니..
 우리나라에서 먼저 개봉하지 않을까 싶다..)
 
퍼시잭슨2;퍼시잭슨과 괴물들의 바다 (2013년 3월)
감독;쏘어 프류덴탈
주연;로건 레먼
 
-지난 2010년 나온 1편에 이어 3년만에 나오는 영화
-감독은 <강아지 호텔>,<윔피 키드>등 아동 영화를 만들어온
 분이 연출을 맡았다
-일단 네이버 영화정보에서 검색해보니 피어스 브로스넌씨랑
 우머 서먼,숀 빈씨가 이번 편 출연 명단엔 없다..
 (좀 더 기다리면 나올려나?)
 
로보포칼립스 (2013년 7월)
감독;스티븐 스필버그
주연;닉 산티노
-아직까지 개봉이 좀 남아서 그런지 많은 정보가 공개되지 않았다
-다니엘 H.윌슨의 소설을 바탕으로 만들었으며 <케빈 인 더 우즈>의
연출을 한 드류 고다드씨가 각본을 썼다
-북미에서는 브에나비스타에서 배급을 맡았으며 우리나라에서는 폭스사가
배급을 맡았다..
-과연 이 영화가 개봉하고 나서 닉 산티노라는 배우가 주목받을지 궁금해진다
 
울버린2 (2013년 7월)
감독;제임스 맨골드
주연;휴 잭맨
-지난 2009년에 나온 <울버린>이후 4년만에 나오는 속편
-다양한 장르의 영화에서 자신만의 역량을 잘 발휘한 감독이 연출을 맡아서
 기대가 되긴 하다..
 
그린 워리어 (가제,2013년 7월)
-'아이스 에이지'시리즈를 만드는 블루 스카이사가 내놓는 애니메이션
- 아직까지는 제목만 기사를 통해서 알았을 뿐이다
 
워킹 워드 다이나소어 3D (가제,2013년 10월)
-아직까지 개봉이 남아서 그런지 많은 정보가 공개되지 않았다
-<아더 크리스마스>의 공동 감독인 배리 쿡씨가 이 영화의 연출에 참여했다
 
아바타2 (2014년),아바타3 (2015년)
감독;제임스 카메론
-지난 2009년 연말 극장가를 휩쓴 '아바타'가 내후년에 속편이 나온다고 한다
-아마 아바타가 언제 개봉하느냐의 여부를 2014년쯤에 지켜볼 사람들이 많을듯
-또한 3편 역시 마찬가지가 될 것 같다..
 
#글을 마무리지으면서
 
이렇게 부족한 글을 마무리지으면서 이 쇼케이스에서 소개하지 못한
 
다른 폭스사 영화들중에서도 개봉할 영화가 있을꺼라는 생각을 해본다..
 
과연 어떤 영화가 우리나라 극장가에서 개봉하고 아님 DVD로 직행할지
 
궁금해지는 가운데 그럼 나의 글은 이만 줄여볼려고 한다 
 
 
 
"
45,2020년 개봉예정인 아바타2는 제임스 카메론의 주특기중 하나인 바다에 대한 영화가 될 것이다!,kimh****,"
원래 2016년에 개봉 예정이었던 아바타2의 개봉은 2020년 지금으로부터 2년후로 미뤄졌습니다. 그러나 아바타2에 대한 세간의 관심은 대단해서 이미 여러 스포일러 비슷한 이미지들이 유출되고 있으며 제이크셜리외에도 네이티리는 물론이고 스티븐 랭과 시고니 위버도 나온다는데 죽은 두 배우가 다시 부활한다면 어떤 내용으로 나올지 매우 궁금합니다.제이크셜리와 네이티리의 아들????1편에서 생명의 나무아래 무수한 나비족들이 모여 주문을 외우고 제이크셜리의 아바타가 둔을 번쩍 뜨면서 영화가 끝났었습니다. 이후 제이크의 인간의 몸은 버려진 겠이겠죠?하반신 마비로 인간으로써는 최악의 삶을 살았던 의지의 사나이였던 제이크셜리.그런 그가 외계인의 몸으로 살아가는 것을 받아 들이는 것은 종을 추월하고 인간의 가치를 넘어서는 일이었지만 그가 인간으로써 다른 선택의 지점에서 나비족을 선택하는 설정은 영화를 보는 내내 겨우겨우 납득이 됬었습니다. 인간이길 포기하고 외계인이 될 만큼 나비족은 매력적이었던 것인데...제이크가 몸이 불구였던 터라 신체의 자유와 지구에서 느끼지 못하는 외계인 신체로써의 자유분방함. 그리고 진실로 네이티리를 사랑하면서 인간의 몸을 벗어던진다...인정할 수는 있습니다. 그리고 그것을 인정하는 시점에서 아바타2의 이야기는 어떻게 풀이될지 매우 기대가 됩니다.스크린 랜트가 쿼리치 대령으로 1편에 출연했던 배우 스티븐 랭을 인터뷰 하면서 나온 소식입니다.우선 스티븐 랭은 제임스 카메론 감독의 ""아바타""에서 그가 했던 쿼리치 역을 반복한다고 합니다.죽었던 인물을 다시 부활시키는 어떤 요소가 있을텐데 매우!!! 기대가 됩니다. 스크린 랜트와의 인터뷰에서 랭은 제임스 카메론 감독의 아바타2는 히트한 2009년 아바타에서 전혀 다른영화가 되지는 않을 것이지만, 대부분 물 속에서 촬영될 것이고 더 웅장한 느낌을 가질 것이라고 밝혔습니다.   영화에서 마일스 쿼리치 대령의 역할을 맡은 랭은 제임스 카메론이 제작에 있어서 또 다른 획기적인 기술을 만들고 있다고 언급했습니다. ""글쎄요, 제가 지금 당장 말을 하기에는 너무 많거나 복잡하거나 너무 미묘합니다. 그러나 우리가 바다 속에서 엄청난 연기를 하고 있다는 것은 비밀이 아닙니다.""   랭은 카메론이 해저 세계는 매력적이라고 생각한다고도 말했다. ""바다은 매우 아름답고, 그에게도 매력적이고, 도전적인 일입니다. 그러니까 알다시피, 해저속엔 큰 일이 일어날 수 있는 부분이 있습니다.""라고 말했습니다. "" 이 말은 즉! 제임스카메론이 수중모션캡쳐!!!를 한다는 말인데...수중모션캡쳐시스템은 아직 상용화 되지도 않은 상태이다.허공에 와이어를 달아 모션캡쳐를 받기는 하지만 수중에서 일어나는 수압에 의한 몸의 움직임은 대부분 시뮬레이션을 걸어 완성해 왔는데 애니메이터와 시뮬레이터 입장에선 상노가다를 담당하던 고된 작업이었다. 덕분에 수중 모션캡쳐나 수중 크리처가 거의 없었던 것이다,. 유일하다면 캐러비안의 해적과 헬보이정도...모캡전문배우로써는 배우 기대가 되는 지점!!입니다!!   랭 외에도 아바타2는 샘 워싱턴을 제이크 설리로, 조 살다나를 나비부족인 네이티리로, 시고니를 그레이스박사로 출연시킨다는 예정이다.   그리고 2편에 출연 하는 배역중 하나인 맷 제럴드는 타이타닉의 히로인인 케이트 윈슬렛으로 확정되었습니다.   아바타 2는 2020년 12월 18일에 개봉될 예정입니다. 제임스 카메론감독은 어비스와 타이타닉을 연출하며 바다 심연에 미친사람으로 알려져 있습니다.아바타 1편이 육상과 공중을 비상하는 영화였다면아바타2는 평생을 바다에 빠져 살았던 제임스카메론 특유의 심해이야기가 될 것이라는 추측입니다.합성인가 유출인가... 인어스타일의 나비족!?!?!?!?!?이것도 합성인지 유출인지 긴가민가합니다만 네이티리가 가오리 같은 무언가를 타고 있습니다.인어부족을 연상시키는 판도라 바다의 수중나비족들의 모습! 인어와 같은 어신의 하체!!!!너무 기대되는 아바타2!!!심해의 이야기가 될 것이라는 썰이!!! 미국에서 무지하게 많이 들리고 있습니다!어비스2가 나오지 않아 어비스 팬이었던 저는 아바타2가 보여줄 심해 외계인들의 활약을 크게 기대해 봅니다!!재밌게 읽으셨다면!!!!요 밑에 애드포스트 광고 살짝 한번 눌러봅시다! 쫌~~~ 
"
46,'아바타 2' 제작 소식 외,luvj****,"
​영화 '아바타' 의 감독인 제임스 카메론 감독이 인터뷰에서 영화 '아바타' 의 속편을 계획 중이라고 말했습니다. 심지어는 2편만이 아닌 3, 4편까지 이어서 공개한다고 발언해 세계인의 관심 (까진 좀 아닌가?)을 얻었습니다. 제임스 카메론 감독은 총 제작비 무려 10억 달러 (한화 약 1조원) 의 돈을 들여 2016년 개봉하게 될 영화 '아바타 2' 를 시작으로 2018년에 '아바타 4' 를 통해 끝마친다고 합니다. 하지만 아직 완전히 제작 결정난 것이 아니고, 설사 제작된다 하더라도 촬영 기간이 많이 여유롭지 않기 때문에 원래 예정년도보다 훨씬 늦은 2022년까지 연장하게 되거나 아예 제작되지 않을 수도 있다고 합니다. 하지만 꼭 제작되길 바랍니다. 1편에서 최고의 흥행을 얻었으니 과연 속편에서는 얼마나 큰 흥행을 이룰지 기대가 되는군요.    
"
47,'아바타' 후속편 개봉일 연기 소식,luvj****,"
﻿​'빅 히어로' 감상평을 쓰던 도중에 새로운 소식을 발견하여 이렇게 글을 쓰게 되었습니다. 바로 제임스 카메론 감독의 최고의 SF 판타지 영화이자 세계 흥행순위 1위를 차지한 영화 '아바타' 후속편의 소식입니다. 이미 예전에도 2편에서 4편까지의 후속편 시리즈가 계획되었으며 제작비는 무려 10억 달러 가까이 달한다는 소식이 있었는데요, 이번에 모든 후속편들의 개봉일을 각각 1년씩 연기하여 팬들의 아쉬움이 전해지고 있습니다. 먼저 2편의 북미 개봉일은 이미 예정되어 있던 2016년 12월에서 2017년 12월로 정확히 1년이 연기되었습니다. 그리고 3편은 2018년으로, 4편은 2019년 12월로 각각 1년씩 연기되었습니다. 개봉일이 연기된 이유는 2편부터 4편까지의 모든 시리즈를 하나의 내용으로 만들기 위해서는 시간이 더 필요하다고 생각되었기 때문이라고 하는데요, 독립적인 3편의 시리즈를 하나의 이야기로 전개하는 것은 쉽지 않다고 합니다. 또한 판도라 행성의 새로운 생명체와 환경 등의 디자인 같은 세부 사항까지 2편~4편을 모두 함께 작업해야 하므로 시간을 연기할 수밖에 없다고 합니다.세계적인 흥행 영화에도 그다지 높은 평점을 남기지 않는 수많은 평론가들도 엄청난 찬사를 남긴 명작이자, 국내 개봉 영화 흥행순위 2위, 국내 개봉 해외영화 흥행순위 1위의 엄청난 기록을 남긴 영화입니다. 제임스 카메론은 타이타닉과 함께 17년째 세계 흥행순위 1위의 감독이며, 영원히 전설로 남을 거장으로 인정받고 있습니다. 새로운 아바타의 속편 역시 그의 명성을 이어갈 명작으로 남기를 기대합니다. 참고로 3부작의 영화를 동시에 촬영하는 계획은 전혀 변경되지 않았다고 합니다. 매년 한편씩의 영화를 공개하는 계획도 변경이 없다고 하네요. 
"
48,영화 <아바타 2>를 포함한 후속편 4편의 프로덕션이 드디어 시작되었다고 합니다.,riss****,"
드디어! 마침내! 기다리고 기다려왔던 영화 <아바타 2>의 촬영이 오늘 시작되었다고 합니다. 개봉도 아니고 겨우 촬영 가지고 유난일 수도 있겠지만, 1편이 지난 2009년에 개봉했다는 것을 고려해본다면 충분히 이해가 되실 것 같습니다. 데드라인의 소식에 따르면 오늘, 로스앤젤레스 카운티에 위치한 해안 도시인 맨해튼 비치에서 <아바타 2>를 포함한 후속편 4편의 프로덕션이 시작되었다고 합니다. 또한 4편을 합쳐 총 10억 달러가 넘는 제작비가 투입될 것이라고 하는데요. 10억 달러를 우리나라 돈으로 환산해본다면 1조가 넘는 정말 많은 돈입니다. 4편에 균등하게 나눈다고 봤을 때 각 편마다 2억 5천만 달러 정도 쓸 수 있는 예산인데요. 총제작비가 1조가 넘는다고 했을 때는 어마어마하게 느껴졌었는데, 막상 4편으로 나누고 보니 일반 블록버스터 제작비와 비슷하거나 조금 더 많은 수준이네요. 그래도 저희한테는 여전히 어마어마한 돈이지만 말이죠. 오늘부터 촬영에 돌입한 <아바타> 시리즈는 오는 2020년 12월 18일 2편의 개봉을 시작으로 2021년 12월에는 3편이, 2024년과 2025년 12월에는 각각 4편과 5편이 차례대로 개봉할 예정입니다. 이 거대한 시리즈의 마지막을 보려면 아직까지 한참 남았네요. 
"
49,"20세기 폭스,차기 개봉예정작 개봉일 변경",itae****,"
 20세기 폭스가 차기작의 개봉일을 변경했습니다.우선 제목 미정 두 편의 마블 영화 개봉일을 각각 2018년 11월 2일,2019년 2월 14일로 확정했습니다. 또한 제임스 카메론의 라이트스톰 엔터테인먼트가 제작하는 제목 미정의 영화도 2018년 12월 21일로 확정했으며,스튜디오는 이것이 <아바타> 속편이 될 것이라고 밝히고 있습니다.또한 이전에 2017년 10월 6일 개봉으로 알려진 채닝 테이텀의 '엑스맨' 스핀오프 <갬빗>의 개봉일을 삭제했습니다.또한 매튜 본,콜린 퍼스가 복귀하는 스파이 액션 스릴러 <킹스맨: 더 골든 서클>의 개봉일을 내년 6월 16일에서 10월 6일로 네 달 후로 연기했습니다.Source:HollywoodReporter
"
50,아바타 후속편 진행소식! 아바타2 개봉일은!?,hewg****,"
 
아바타 후속편 진행소식! 아바타2 개봉일은!?
 
​
 
 
 
지난 2009년 전 세계적으로 엄청난 이슈를 낳고 무려 20억불이라는
전무후무한 기록으로 전세계 통합 흥행성적1위라는 기록과
국내에서도 첫 천만외화로 기억되고 있는 영화 <아바타>입니다!
그리고 많은 분들이 기다리고 계실 <아바타>의 후속편에 대한 소식입니다 ^.^
 




아바타 2

감독 
제임스 카메론 
출연 
시고니 위버, 스티븐 랭, 조 샐다나, 샘 워싱턴 
개봉 
2016 미국 
리뷰보기 
 
 
 
 
<아바타>의 후속편인 <아바타2>는 2016년 12월로 개봉일이 예정되어있었는데
1년이 미뤄져 2017년 12월로 변경이 되었으며 그에 따라 3, 4편 역시도
각각 1년씩 연기가 되어있는 상황이며 이에 대한 이유는 각본을 보완하기 위함이라고 합니다!
 
애당초 <아바타>후속편은 2, 3, 4편으로 완성이 될 계획이었으며
세편의 이야기를 각각 독립적으로 진행하되 하나의 이야기로 연결성을 갖게 하기 위해
3편의 각본을 함께 작업하는 한편 촬영 역시도 동시에 진행이 될 예정입니다.
 
 

 
 
각본은 완성되어있는 상태이지만 좀더 유기적인 관계를 위해 수정, 보완이 진행될것이며
이에 따른 기획, 제작 업무 역시 재작업이 들어가 이달 말중으로 각본을 완료시킬 계획이라네요!
 
아직까지 확정되어있는 후속편에 대한 정보라면 샘 워싱턴과 조 샐디나의 복귀,
그리고 1편에서 사망했던 시고니 위버가 다른 캐릭터로 등장하게 될것이라는 정도입니다!
또한 후속편은 판도라의 바다를 배경으로 하게 될것인지라 직접 뉴질랜드의
바닷속을 탐험하며 새로운 촬영기법과 특수효과를 연구중이라고 하니
다시 만나게 될 아름다운 판도라의 신세계를 기대하며 기다려봐야하겠네요!
"
51,할리우드 배우들의 변신 (변장의 대가들) 모음,prop****,"
 할리우드 배우들의 변신 변장 모음 ""변신 변장의 대가들""      문득 아무렇지 않게 지나갔던 유명한 할리우드 배우들그렇지만 가만히 살펴보니 정말 변신, 변장의 대가들이 많다.분장은 기본이요, 캐릭터화부터 갖가지 가면에 몸무게 또한 자유롭게 조절한다.한데 모아서 가만히 보고 있자니 그저 놀라울 따름이다...그래서 오늘은?이런 변신, 변장, 분장의 대가들이라 부를만한 할리우드 배우들을 한번 모아봤다.     01 니콜라스 홀트 (Nicholas Hoult) 참 말끔하다. 나름 미소년 이미지도 가지고 있으면서 때론 남자다운 모습도 가지고 있다.  웜바디스. 웬지 좀 멍청해보이는 좀비로 변해있다^^      02 앤디 서키스 (Andy Serkis) 골룸으로 매우 유명해진 배우이다. (필자도 골룸 때문에 알게 되었다..) 평상시에는 이렇게나 정상적인 모습을 띄고 있다.   혹성탈출의 유인원, 반지의제왕의 골룸, 킹콩 등 모션캡처 연기의 대가라고 불리고 있는 배우이다.      03 히스레저 (Heath Ledher) 정말 말끔하게 생겼다. 히스레저는 매우 겁이 없는 배우라 한다. 덕분에 놀란감독은 히스레저가 '조커의 적임자'라는 것을 직감했다고 한다.   배트맨 시리즈의 조커. 하지만 약물오용으로 인해 사망하였기에 많은 안타까움을 자아내고 있다.      04 크리스찬 베일 (Christian Bale) 배트맨 시리즈와 터미네이터, 이퀼리브리엄 등으로 우리에게 너무나도 잘 알려져 있는 배우이다.남자인 필자가 봐도 상당히 멋있고 매력적인 사람이라는 생각이 든다. 하지만 그도 엄청난 변신을 한다.   왼쪽 아메리칸 허슬(2013), 오른쪽 머시니스트(2005)엄청나다. 자신의 몸무게를 영화를 위해 자유롭게 조절한다.때로는 깡마른 몸매를, 때로는 배불뚝이 아저씨로, 때로는 몸짱 배트맨으로...      05 조 샐다나 (Zoe Saldana) 충분히 매력적인 배우라고 생각한다. 평상시의 모습은 몸매도 좋고 얼굴도 이쁘다.   가디언즈 오브 갤럭시(2014), 아바타(2009)두 영화 모두 매우 인상깊게 봤던 것 같다. 특히나 아바타에서의 모습들은 상당히 인상적이었다.가디언즈 오브 갤럭시에서는 비록 분장은 했지만 그녀의 섹시미가 여실히 드러났던 것 같다.      06 짐 캐리 (Jim Carrey) 굳이 변장을 하지 않아도 충분한 연기변신의 귀재라 생각되는 배우이다.정말 천의 얼굴을 가진 배우가 아닌가 싶다.   마스크(1994)부터 덤앤더머(1994,2014), 그린치(2000) 등 그의 엄청난 변신을 볼 수 있는 영화가 많다.그의 변신은 항상 사람들을 놀라게 하며 탄성을 자아낸다.(뿔달린 변장은 영화가 아닌 SNL쇼에서의 모습)      07 제니퍼 로렌스 (JenniferLawrence) 얼마전 동영상 유출로 인해 본의 아니게 노이즈마케팅(?) 효과를 톡톡히 보고 있는 배우이다.그리고 조만간 그녀의 영화 '헝거게임:모킹제이'가 개봉 예정중에 있다.    영화 '엑스맨: 데이즈 오브 퓨처 패스트(2014)'와 '엑스맨: 퍼스트 클래스(2011)미스틱(레이븐) 역할을 통해 엄청난 분장 분신(?) 능력을 보여주었다.그냥 보기만 해도 분장에 상당한 시간이 소요될걸로 예상이 된다..      08 조니 뎁 (Johnny Depp) 얼마 전 과감한 분장들이 아닌 평범한 모습으로 연기했던 '트랜센던스(2014)'를 인상깊게 보았던 기억이 난다.   가위손(1990), 찰리와 초콜릿 공장(2005), 이상한 나라의 앨리스(2010), 그리고 캐리비안의 해적 시리즈까지..정말 다양한 영화들에서 다양한 분장 분신 변신의 모습을 보여준다.어릴적 가위손으로 처음 그를 접했지만 그 뒤로도 꾸준하게 좋은 명연기들을 펼쳐주어 참 좋은 배우란 생각이 든다.      = 할리우드 배우들의 변신, 변장, 분장의 대가들 모음 =지극히 짧은 지식과 인터넷 수집능력을 통한 보잘 것 없는 내용을 끝까지 읽어주셔서 감사합니다.틀린부분이 있다면 언제든지 지적해주세요^^       = 박센스의 다른 영화 이야기들도 한번 둘러보기 =▼ 얼마전 네이버 핫토픽에 선정되었던 백상예술대상을 통해 국내 영화 소식 살펴보기50회 백상예술대상을 통해 본 올해의 영화 및 영화인2014년 제 50회 백상예술대상백상 예술대상을 통해 살펴본 올해의 영화 및 영화인들        찬란한 역사의 (1964년부터 시작된) 백상예술대상. 올...blog.naver.com본문으로 이동 ▼ 요즘 매우 Hot한 영화 인터스텔라 다들 잘 보셨나요?영화 인터스텔라 명장면 및 결말해석영화 인터스텔라 (Interstellar, 2014)크리스토퍼 놀란 감독 , 매튜 맥커너히/앤 해서웨이/마이클케인/제시카차스테인 주연영화나만의 관전 포인...blog.naver.com본문으로 이동      ＃박센스의 보잘 것 없는 짧은 지식의 영화 이야기 ＃
"
52,영화 <아바타2 : 리턴 투 판도라> 두 개의 예고편  ,huma****,"
<아바타 2 : 리턴 투 판도라>의 포스터영화 <아바타2 : 리턴 투 판도라> 두 개의 예고편  다들 알고 있는 것처럼,<아바타>는 전세계 역대 흥행 1위 영화이다.한국에서는 2010년에 개봉해서 약 1400만명이 관람,역대 흥행 3위, 외화로는 아직까지도 1위이다. 그런 만큼 진작에 속편이 제작, 개봉했을 법도 한데최근에서야 <아바타2 : 리턴 투 판도라>의 제작 소식을 접했고,오늘 우연히 그 예고편을 보았다. 1편에서는 모션 캡처로 섬세하고 완성도 높은 움직임과 감정 표현을 보여주었는데2편에서는 보다 발전된 수중 모션 캡처 기술을 적용하여입체 영상 안경 없이도 입체 영상을 감상할 수 있다고 한다. <아바타2 : 리턴 투 판도라> 출연 배우는 케이트 윈슬렛, 샘 워싱턴, 시고니 위버, 우나 채플린(찰리 채플린의 외손녀) 등. 그런데, 이렇게 <아바타2 : 리턴 투 판도라> 사전 예고편도 나오고 제임스 카메론 감독이 언론을 상대로 영화 제작 진행 상황을 밝히기도 했는데,개봉은 2020년이라고... 이게 맞는 건지 모르겠다. ^^;아무튼 언제나 ""피플 리턴 people return""은 갈등과 전쟁의 시작이다. ㅜㅜ<아바타2 : 리턴 투 판도라>의 예고편
"
53,<아바타2> 샘 워싱턴 '본 적 없는 영화 될 것',ges5****,"
영화 '아바타2' 제이크 설리 역을 맡은 할리우드 배우 샘 워싱턴이 본 적 없는 작품을 약속했습니다.미국매체 스플래쉬필름에 따르면, 샘 워싱턴은 ""이 영화는 당신이 봐왔던 그 어떤 것과도 같지 않을 것이다. 이번 세계는 첫 번째 시즌보다 훨씬 거대하다. 근본적으로 영화는 가족에 대해 이야기한다""라고 말했습니다.출처 : http://entertain.naver.com/movie/topic/read?oid=109&aid=0003479764[Oh!llywood] '아바타2' 샘 워싱턴 ""본 적 없는 영화 될 것"" 약속[OSEN=이소담 기자] 영화 '아바타2' 제이크 설리 역을 맡은 할리우드 배우 샘 워싱턴이 본 적 없는 작품을 약속했다.14일(현지시간) 미국매체 ...entertain.naver.com
"
54,아바타2편 8월 15일부터 촬영 시작,zigm****,"
전세계 27억 8796만 달러라는 경이적인 극장 수입을 거둔 제임스 카메론 감독의 <아바타> 속편이 드디어 촬영에 돌입한다.영화 제작 일정 및 로케이션을 업데이트 하는 캐스팅 사이트 <My Entertainment World>에 따르면, <아바타> 속편의 촬영은 8월 15일부터 시작될 예정이며, 캘리포니아 맨해튼 비치에서 촬영한다. <아바타> 2편은 1편의 주인공 제이크 설리(샘 워싱턴)가 자신의 의식을 나비족 아바타로 완전히 옮기고 식민지를 개척하려하는 인간들을 물리친 네이티리(조 샐다나)공주와 함께 새로운 삶을 시작하는 내용이다.<아바타>는 5편까지 제작될 예정으로 2018년 말에 2편이 개봉하고 2023년까지 개봉과 제작을 병행할 것으로 알려져있다.한편 <아바타>1편은 2009년 국내 개봉당시 1362만관객을 동원했으며, 1284억원의 극장매출을 기록했다. 

아바타 2

감독
제임스 카메론
출연
시고니 위버, 스티븐 랭, 조 샐다나, 샘 워싱턴
개봉
2018 미국


리뷰보기



"
55,제임스 카메론의 [아바타]가 4편까지 제작 된다고 합니다.,grea****,"

 
영화사상 최고의 흥행작인 제임스 카메론 감독의 <아바타>가 총 4편까지 제작된다고 합니다.
 
20세기폭스사는 8월 1일 <아바타>의 속편들을 당초 알려진 2, 3편이 아닌, 2, 3, 4편까지 만든다고 공식 발표!!!!
 
제임스 카메론 감독은 <아바타>의 늘어난 속편을 위해 각본가 조쉬 프리드먼(우주전쟁), 
릭 자파 & 아만다 실버(혹성탈출: 진화의 시작), 셰인 샐러노(파괴자들) 등을 기용했다고 합니다.
 
<아바타>의 속편들은 내년부터 본격 제작에 돌입해서
2편이 2016년 12월에 공개되며 
3편이 2017년 12월에, 
마지막 4편이 2018년 연말에 각각 공개될 것으로 알려졋습니다.
 
<아바타> 시리즈의 총제작자이자 감독인 제임스 카메론은 
“속편이 더 늘어남으로써 <아바타>의 세계와 스토리, 캐릭터가 당초 기대했던 것보다 더 풍부해질 것”이라면 기대감을 표했다.
 
 
총몽은 언제 만들려고 그러시나요?? ㅜㅜ
 
 
 
 
 
 
 
 
 
 
 
 
 
 
 
"
56,"현명한 박사님, '시고니 위버' 는 다른 역할로",luvj****,"
​'퍼시픽 림 2' 의 제작 소식이 뜨거워지고 있는 한편, 아바타 시리즈의 제작 소식을 이제 뜨겁게 달구어볼까 합니다. 일단 제가 저번에 말씀드린것처럼, 아바타 시리즈 2,3,4가 제작 중이라고 말씀 드렸죠. 그런데 후속편에 대한 정보와 내용이 완전히 뒤바뀌어 버려서 다시 알려드리도록 하겠습니다.일단 속편인 2편부터 마지막 4편까지 1년에 한번꼴로, 2016, 2017, 2018년을 돌아가며 개봉할 예정이라고 합니다. 그 빠른 시일 내에 제작이 가능한지가 관건이지만, 현재로서의 계획은 그렇다고 하네요. 아마 2,3,4편을 모두 미리 촬영한 후에 추후 편집하여 1년마다 개봉시킬 계획인 것 같습니다.한편, 1편에서 현명한 박사로서 아름답게 죽는 연기를 보여줬던 '시고니 위버'는 영화상에서 이미 죽은 캐릭터이기 때문에 같은 역할로 나올수 없으므로 전혀 다른 역할로 등장하게 된다고 합니다. 아마 상상으로는, 죽은 줄만 알았던 그레이스 박사가 '에이와'의 도움으로 다시 부활하거나 '에이와'의 사신으로 등장할 것만 같은 예감이 드네요.또한 제임스 카메론 감독은 할리우드의 최고 각본가, 작가들과 함께 열심히 각본작업을 하고 있다고 합니다. 1편씩 제작하면 너무 시간이 오래걸려서 아예 3편을 한꺼번에 작업 중이라고 하네요. 너무 급하게 작업해서 스토리가 떨어질까봐 걱정이지만, 그래도 제임스 카메론 감독님의 영화는 믿고 보겠습니다! 
"
57,"[BIFF](포토)아바타2, 해수욕장에서 홍보 이유는?",thed****,"
 제27회 부산국제영화제가 열리고 있는 가운데, 오는 12월 개봉을 앞둔 영화 <아바타: 물의 길>의 홍보를 위한 모래성이 해운대 해수욕장에 전시 중이다.이는 이번 작품이 수중(水中)을 배경으로 한 작품이고, 특히 해양오염 등 환경을 주제로 하고 있기에 이를 고려해 쓰레기가 남지 않는 모래를 이용해 바닷가에서 홍보활동을 하는 것으로 풀이된다./마이스타 이경헌 기자기사 원문보기 http://www.mystar.ne.kr/archives/10884[마이스타] [BIFF](포토)아바타2, 해수욕장에서 홍보 이유는?제27회 부산국제영화제가 열리고 있는 가운데, 오는 12월 개봉을 앞둔 영화 의 홍보를 위한 모래성이 해운대 해수욕장에 전시 중이다. 이는 이번 ...www.mystar.ne.kr


아바타: 물의 길

감독
제임스 카메론
출연
시고니 위버, 스티븐 랭, 조 샐다나, 샘 워싱턴, 우나 채플린, 케이트 윈슬렛, 지오바니 ...
개봉
미국

리뷰보기

  
"
58,바다를 유영하는 ‘아바타: 물의 길’···제임스 카메론 “상상할 수 있는 모든 것 담아”,bund****,"
 © 경향신문  〈아바타: 물의 길〉 포스터. 월트디즈니컴퍼니 코리아 제공. 13년간 전세계 박스오피스 1위를 지킨 영화 〈아바타〉의 후속편이 〈아바타: 물의 길〉이 지난 6일 제27회 부산국제영화제에서 작품 일부를 공개했다. 18분 분량의 푸티지 영상을 국내 최초로 공개한 뒤, 제임스 카메론 감독은 화상으로, 존 랜도 프로듀서는 현장에서 관객과 만났다.전편에서 판도라 행성과 나비족을 지켜낸 뒤 완전한 나비족으로 눈을 뜬 제이크 설리(샘 워딩턴)는 네이티리(조 샐다나)와 가족을 꾸리고 아이들도 낳았다. 밀림에 살던 이들 가족은 다른 곳으로 이주해 새로운 환경에 적응해 가야 할 운명에 놓인다. 새로운 부족, 새로운 생명체가 등장한다. 아이들은 다른 존재들과 잘 어울리지만, 어른들은 그렇지 않은 모습을 보여 갈등이 예고된다. 총을 든 인간들은 여전히 판도라를 위협한다. 악역 마일즈 쿼리치 대령(스티븐 랭)이 이번에도 출현한다. © 경향신문  〈아바타〉 1편은 이크란을 타고 하늘을 나는 나비족의 모습을 통해 시각적 쾌감을 선사했다. 월트디즈니컴퍼니 코리아 제공.  1편에서 주인공들이 용을 연상시키는 이크란을 타고 하늘을 날았다면, 2편의 주인공들은 바다를 유영한다. 고래를 닮은 ‘툴쿤’이라는 생명체가 등장해 함께 헤엄친다. 5편까지 이어질 영화는 판도라 행성의 다양한 지방과 부족의 모습을 다룰 계획이다. 이날 카메론 감독은 화상으로 “사막, 극지방 등 판도라의 다른 환경과 다양한 생명체를 만나고 상상할 수 있는 모든 것을 다 즐기게 될 것”이라고 했다.제국주의와 인간의 환경 파괴를 비판했다는 평을 받은 전편에 이어 영화는 이번에도 현실 세계에 대한 비판적 메시지를 담아냈다. 카메론 감독은 “첫 번째 영화에서는 우림이라는 환경과 그곳에 사는 종족이 어떻게 광산 개발이라는 목적에 의해 위협받는지 봤다”라며 “2편에서는 설정이 바다로 옮겨간다. 바다 생태계가 어떻게 위협을 받고 있는지, 우리의 선택이 환경에 어떤 영향을 끼치는지 보게 될 것이다. 지금 지구에서 우리에게 일어나는, 특히 원주민에게 일어나는 일들에 대한 우화다”라고 말했다.랜도 프로듀서는 “또 이 영화에서 설리 가족은 난민이 된다”며 “자신들과 완전히 다르게 생긴 사람들, 완전히 다른 문화로부터 수용되는 모습이 영화에 나온다”고 말했다. 이어 “지금 우리가 살고 있는 시대에 필요한 메시지라고 생각한다. 영화를 제작하는 이의 책임”이라며 “SF(Sience Fiction)는 우리가 살고 있는 이 시대의 메타포”라고 했다. © 경향신문  〈아바타:물의 길〉 존 랜도 프로듀서가 6일 부산 해운대구 KNN 타워에서 열린 기자간담회에서 취재진의 질문에 답하고 있다. 정지윤 선임기자 © 경향신문  6일 부산 해운대구 센텀시티에서 〈아바타: 물의 길〉 푸티지 영상이 공개된 이후, 제임스 카메론 감독이 화상으로 관객과 질의응답을 하고 있다. 부산국제영화제 제공.  두 사람은 최상의 기술을 사용해 상상하던 세계를 스크린에 완벽하게 구현하는 데 성공했다고 자평했다. 전편에 이어 압도적인 시각적 쾌감을 선사하겠다는 자신감을 내비쳤다. 카메론 감독은 “우리는 시각적으로 구현할 수 있는 모든 것을 구현할 수 있는 도구를 가지고 있다”며 “다만 사용하는 과정이 쉽지 않기 때문에 앞으로 작업자들이 편리하게 사용할 수 있게끔 자동화와 딥러닝 같은 기술을 활용하고자 한다”고 했다.〈아바타: 물의 길〉은 극장에서 봐야하는 영화이고, 극장으로 관객을 불러들일 영화라고 카메론 감독은 말했다. 그는 “어떤 사람은 (극장에서 영화를 봐야한다는) 우리를 보면서 (곧 멸종할) 공룡이라고 얘기를 할 지도 모르겠다. 그러나 3D 기술, 높은 프레임율을 사용하는 영화 등 큰 스크린으로 봐야하는 영화가 있다”며 “쉽게 볼 수 없는 영화, 모두가 손꼽아 기다리고 다른 사람과 함께 본 뒤 상상의 나래를 펼칠 수 있는 영화가 있다. 〈아바타〉 시리즈가 바로 그런 영화”라고 말했다. 랜도 프로듀서는 “이제는 ‘영화를 봤어’가 아니라 ‘영화를 경험했어’라고 말하게 될 것”이라고 덧붙였다.카메론 감독과 랜도 프로듀서는 〈타이타닉〉 〈아바타〉와 같은 작품을 만들며 오랜 시간 호흡을 맞춰왔다. 〈아바타: 물의 길〉은 오는 2월 공개된다.오경민 기자 5km@kyunghyang.com


아바타: 물의 길

감독
제임스 카메론
출연
시고니 위버, 스티븐 랭, 조 샐다나, 샘 워싱턴, 우나 채플린, 케이트 윈슬렛, 지오바니 ...
개봉
미국

리뷰보기

 
"
59,"[단독] 조엘 데이비드 무어,SF 액션 <아바타> 속편 복귀",itae****,"
 조엘 데이비드 무어가 제임스 카메론이 연출하는 SF 액션 <아바타> 속편에서 자신이 맡았던 과학자 놈 스펠맨 역으로 복귀합니다. 내년에 촬영을 시작하며 2020년 12월 18일 개봉합니다.또한 조 살다나,샘 워싱턴,시고니 위버와 함께 클리프 커티스도 출연하는 이 영화의 자세한 내용은 알려지지 않았으며 이후 2021년,2024년,2025년 크리스마스 시즌에 남은 속편들이 연이어 개봉할 예정입니다.Source:Deadline
"
60,[영화/개봉예정]아바타2는 2020년에 개봉한다,kwon****,"
 안녕하세요르녹스 입니다.""여러분들 그거 알고 계셨습니까?""제임스 카메론 감독은 아바타2를 2020년 12월 18일 에 개봉할 것 이라 발표 하였습니다.그 후로 아바타 시리즈의 차기작들은 아바타2 2020년 12월 18일아바타3 2021년 12월 17일아바타4 2024년 12월 20일아바타5 2025년 12월 19일에 만나볼 수 있을 것 이라는 페이스북에 공식 입장을 밝혔습니다.
"
61,<아바타2> 샘 워싱턴 '2~5편에 걸쳐 가족 드라마가 큰 줄기',ges5****,"
제이크 설리역을 맡앗던 샘 워싱턴은,""모든 속편을 이어서 찍을 예정이며 현재 계획은 여름에 시작된다. 제임스 카메론이 아직 각본 마무리 단계여서 시간이 좀 필요하다. 각본을 거의 다 읽었는데 대단하다. 이번 영화는 제이크의 8년후 모습이 나온다. 이젠 가족이 생겼다. 이전에 보던것과는 완전히 다른 내용이다. 훨씬 방대해진 세계를 보여주지만 기본적으로 가족에 대한 이야기다. 여전히 어린아이의 관점으로 세상을 바라보기도 하지만 이젠 가족의 일원으로 가족의 개념이 들어간 스토리가 나온다.""출처 : 맥스무비 
"
62,제임스 캐머런 - <아바타>속편의 시나리오 완성 단계 ,yuth****,"
  제임스 캐머런 감독이 <아바타>시리즈의 속편 제작 상황을 발표했습니다. 6주내로 <아바타 2,3,4>편의 시나리오 집필이 끝날것이라 합니다. 한편 아놀드 슈월츠제네거가 속편에 출연할 것이라는 루머가 있었는데 마땅한 배역이 없다며 그의 출연설은 잘못된 정보라고 했습니다. <총몽>에 대해서도 언급하였는데 <아바타 2,3,4>편 제작이 끝날때까지 보류중 이라고 하였습니다. <총몽>을 기다리신 분들께는 참 안타까운 소식이군요. 몇달전에 제가 이 블로그에 농담처럼 <총몽>의 최대의 적은 <아바타>시리즈라고 적었는데 이게 진짜가 되는군요. 그렇다고 <엘리시움>으로 만족하시라고 할 수도 없는것이구요.       
"
63,"제임스 카메론 감독, <아바타2>의 스토리 일부 공개",c106****,"
     제임스 카메론 감독이 <아바타2>의 스토리를 비롯해, 앞으로 예정되어 있는 <아바타> 시리즈가 지니게 될 전반적인 서사 구조(의 극히 일부)를 공개했다는 소식입니다.     영국의 영화 전문 매체 엠파이어의 팟캐스트에 출연한 제임스 카메론 감독은 <아바타2>에서부터 제이크 설리(※샘 워싱턴)와 네이티리(※조 샐다나) 부부는 문화와 가치관의 차이로 인해 불화를 겪게 될 것이라고 이야기했는데요.     대부분의 사람들이 <아바타>(2009)를 떠올렸을 때, 강렬한 시각적 쾌감만을 기억하고 있을 뿐, 서사적인 부분에 대한 기억은 거의 가지고 있지 않는 점에 착안해, <아바타2>에서부터는 (우리 모두의) 현실이 고스란히 투영되어 있는 사건들 위주로 서사를 펼쳐 나감으로써, 밀도 높은 정서적 공감대를 유도할 계획이라고 하네요.     제임스 카메론 감독은 <아바타2>에서 제이크와 네이티리의 갈등이 최고조에 다다름에 따라 제이크가 자기 내면의 어둠을 드러내게 되는 장면도 등장할 것이라고 예고했는데요.     제임스 카메론 감독은 이러한 일련의 과정들이 '8살 아이의 시점으로 묘사될 것'이라고 언급했는데, 이로 미뤄 봤을 때, <아바타2>에서는 제이크와 네이티리 사이에서 태어난 아이 혹은 제3의 아이가 새로운 주요 캐릭터로 등장하게 될 것임을 짐작할 수 있네요.     그와 더불어 제임스 카메론 감독은 앞으로 이어질 <아바타> 시리즈에서 제이크가 다양한 삶의 희로애락을 겪게 될 것이라 예고하기도 했죠.     며칠 전, 제임스 카메론 감독이 <알리타: 배틀 엔젤> 프로모션 중 언급한 내용을 포함해, 제임스 카메론 감독이 <아바타2>에 관해 직접 이야기한 내용들을 (장난끼 살짝 섞어) 정리해보면, '극사실주의적으로 연출된 판도라 행성의 수중 세계를 만끽할 수 있는 위기의 결혼 생활' 정도라고 할 수 있을 것 같은데요.     요즘 들어 부쩍 제임스 카메론 감독이 떡밥 투척을 자주 하고 있는데, 다음에는 또 어떤 떡밥을 던져줄지 지켜봐야겠네요. ㅎㅎ     <아바타2>는 북미 현지 시각으로 2020년 12월 18일 개봉 예정입니다. (아직 멀었네요. ㅠ.ㅠ)
"
64,"<아바타> 속편, 디즈니의 추진력 받을까?",bund****,"
디즈니의 21세기 폭스 인수 합병 드디어 결정 ?<아바타>??지난 7월 27일, 뉴욕 맨해튼에 위치한 힐튼 호텔에서 세기의 회의가 열렸다. 월트 디즈니와 21세기 폭스의 주주들이 디즈니의 폭스 인수 합병안에 만장일치에 가까운 찬성표를 던진 것이다. ?이로써 디즈니는 할리우드의 메이저 영화 배급사인 이십세기폭스, 케이블 채널 <FX 네트웍스>, <내셔널지오그래픽> 등 폭스의 주요 콘텐츠 사업 부문을 713억달러에 인수하게 됐다. 미국 언론들은 두 거대 기업의 합병이 향후 미국 엔터테인먼트 업계에 어떤 변화를 가져오게 될지 주시하고 있다. ?이번 인수·합병과 더불어 영화 팬들의 관심은 폭스의 인기 콘텐츠, <아바타>와 <엑스맨> 프랜차이즈의 행보에 쏠려 있다. 이미 세계적으로 하나의 브랜드가 된 양질의 콘텐츠 회사(마블, 픽사, 루카스필름의 경우를 말할 수 있을 것이다)를 인수한 뒤, 트렌디한 감각과 볼거리를 장전한 디즈니 스타일의 블록버스터영화로 재탄생시키는 건 엔터테인먼트 왕국 디즈니의 장기다. ?이러한 디즈니의 추진력이라면 장기화되고 있는 제임스 카메론의 <아바타> 속편 제작과 오랫동안 마블 팬들의 염원이었던 <엑스맨> 시리즈의 MCU(마블 시네마틱 유니버스) 합류가 머지않았다는 기대감이 커졌다. ?두 회사의 인수·합병 절차가 최종적으로 마무리될 것이라 예상되는 2019년 상반기에는 더 흥미진진한 소식을 기대할 수도 있을 것 같다. 한편 미국 법무부로부터 폭스 인수에 대한 승인을 받은 디즈니에는 향후 유럽연합과 중국 등 해외 국가의 승인을 받아야 하는 절차가 남아 있다. <LA 타임스> 등의 미국 언론은 트럼프 정부와 관세 문제로 사이가 악화된 중국 정부가 악영향을 미칠 수도 있다며 우려를 표했다. ?? 씨네21 / 글             장영엽



아바타 2

감독
제임스 카메론
출연
시고니 위버, 스티븐 랭, 조 샐다나, 샘 워싱턴, 우나 채플린, 케이트 윈슬렛, 지오바니 ...
개봉
2020 미국

리뷰보기


?Avatar 2          ,      2020
"
65,<아바타2> 촬영 시작일자 및 장소확정,ges5****,"
'아바타 2'의 촬영 시작일정이 확정되었습니다.촬영은 8월 15일부터 시작되며 캘리포니아주 맨해턴 비치에서 시작합니다.1편을 촬영했던 뉴질랜드, 윌렝턴의  Stone Street Studios에서의 촬영은 아직 확정이 되지않았으며 향후 하와이에서의 촬영도 아직은 미정인 것으로 전해집니다.  간단 시놉시스는 제이크 설리는 자신의 의식을 나비족 아바타로 전환한 이후 인간 식민지 개척자들을 물리친 이후 네이트리 공주와 새로운 삶을 시작한다는 내용입니다.출처 : My entertaiment world
"
66,"제임스 카메론 감독, <아바타 2>의 촬영이 마무리되었음을 밝히다.",c106****,"
     많은 분들의 기대(와 우려)를 한 몸에 받고 있는 <아바타 2>의 촬영이 마무리되었다는 소식입니다.     북미 현지 시각으로 11월 14일, 제임스 카메론 감독은 아바타 공식 트위터의 비디오 메시지를 통해 <아바타 2>의 주연급 배우들의 촬영이 마무리되었음을 알리며 그들에 대한 감사의 말을 전했는데요.     다들 잘 아시다시피, <아바타>가 가지고 있는 역대 월드와이드 최고 흥행 기록은 지난 9년 동안 그 어떤 작품도 넘보지 못했었죠.■ 역대 월드와이드 흥행 TOP 20     샘 워싱턴, 조 샐다나, 시고니 위버, 스티븐 랭, 케이트 윈슬렛 등의 캐스팅 외에는 철저하게 베일에 싸인 채 제작되고 있는 <아바타 2>는 북미 현지 시각으로 2020년 12월 18일, <아바타 3>는 2021년 12월 17일 각각 개봉 예정인데요.     전작보다 나은 시퀄의 대표 사례로 손꼽히는 <터미네이터 2>(1991)를 만든 제임스 카메론 감독이 <아바타2>에서도 다시 한 번 전작을 훌쩍 뛰어넘을 수 있을지 귀추가 주목되네요. ^^
"
67,"제임스 카메론 감독, <아바타 2>에서 판도라 행성의 사실적인 수중 세계를 보게 될 것이라고 언급.",c106****,"
     <아바타> 시퀄 제작에 열중하고 있는 제임스 카메론 감독이 <아바타 2>에서 판도라 행성의 사실적인 수중 세계를 만끽하게 될 것이라고 언급했다는 소식입니다.     제임스 카메론 감독은 야후(YAHOO)와의 <알리타: 배틀 엔젤> 홍보 인터뷰 중 <아쿠아맨>을 어떻게 봤느냐는 질문을 받고, ""엄청 재밌게 봤다.""고 대답하며, ""만약, (매사에 과학적으로 접근하고자 하는) 제가 <아쿠아맨>을 연출했더라면, 제임스 완 감독이 만든 것과 같은 수중 세계는 결코 만들지 못했을 거예요. <아쿠아맨>의 수중 세계는 마치 그리스 신화와 동화를 섞어 놓은 것처럼 몽환적이잖아요.""라고 이야기했는데요.     이에 덧붙여 제임스 카메론 감독은 ""<아쿠아맨>을 보면 사람들이 물속을 자유자재로 돌아다니잖아요. 그게 (과연 과학적으로) 어떻게 가능한지는 모르겠지만, 어쨌든 정말 멋졌어요.""라고 말하며, ""아시다시피, 전 물속에서 수천 시간을 보낸 사람이에요. 게다가 전 (상상력이 풍부한 사람이라기보다는) 매우 직관적인 사람이죠. 그런 이유로 (<아바타 2>의) 수중 세계도 매우 사실적으로 연출할 계획이랍니다.""라고 언급했다고 하네요.     아시는 분들은 아시겠지만, 우주와 바다에 완전히 미쳐(^^;;) 있는 덕후 중의 덕후로 유명한 제임스 카메론 감독은 <타이타닉> 촬영을 핑계로 직접 잠수함에 탑승해 바닷속에 가라앉은 타이타닉호와 심해를 탐사하며 이를 기록한 다큐멘터리 <심해의 영혼들>(2003)을 내놓은 것을 비롯해, 2차 대전 당시 침몰한 독일 전함 비스마르크호 탐사를 기록한 <비스마르크호의 비밀>(2002), 그리고 본인이 직접 1인승 심해 잠수정을 타고 마리아나 해구에서 가장 깊은 챌린저 해연을 탐사하는 과정을 기록한 <딥씨 챌린지>(2014) 등 다수의 심해 다큐멘터리를 제작한 바 있는데요.     심지어 1인승 잠수정으로 가장 깊이 잠수한 기록(10,908m)까지 가지고 있을 정도로 바다에 관해서라면 그 누구 못지않게 잘 알고 있는 제임스 카메론 감독이 자신의 모든 지식과 열정을 쏟아 스크린에 구현해낼 판도라 행성의 수중 세계는 과연 어떤 모습일지 벌써부터 너무나 궁금하고 정말로 기대되네요.     <아바타 2>는 북미 현지 시각으로 2020년 12월 18일 개봉 예정입니다.※ 참고 자료YAHOO, James Cameron explains why  he could never direct James Wan's 'Aquaman',https://finance.yahoo.com/video/james-cameron-explains-why-could-150000597.html 
"
68,아바타 2 - 2020년 12월 개봉 소식 = 2020년 개봉예정영화,inee****,"
아바타 2 (Avatar 2, 2020)

아바타 2

감독
제임스 카메론
출연
시고니 위버, 스티븐 랭, 조 샐다나, 샘 워싱턴
개봉
2020 미국

리뷰보기

제작 TSG 엔터테인먼트 시리즈 전편 아바타 장르 액션, 모험, 판타지 국가 미국 개봉일 [국내] 2020.12.18 개봉 각본 감독 제임스 카메론(James Cameron) 출연 조 샐다나, 시고니 위버, 샘 워싱턴, 스티븐 랭,조엘 무어2009년 영화 해운대 이후 그 해 국내 천만관객을 돌파하며2008년 다크나이트 이후전세계 10억달러를 돌파했던 2009년 영화 아바타기억나세요?그 당시 저는 다른 분야에 관심이 많았었던 때였는데아마 이 영화를 계기로영화와 음악 블로그를 조금씩 시작했던 생각이 나네요.호불호가 있겠지만영화 보는 동안내가 살아있다는 게 행복했던..총 27억달러를 벌어들이며 엄청난 흥행을 기록했던영화였는데제임스 카메론 연출작으로후속편 언제나오나궁금해했었는데요드디어  2020년 12월에 개봉을 합니다후속편이 너무 오랜 동안의 격차가 있어걱정이 되기도 하는데이에 대해 제임스 카메론은그가 만들었던 터미네이터2나 에이리언2 같은 경우에도전작보다 시간의 간격이 길었지만성공했던 것처럼 걱정하지 않아도 된다라고 밝혔다고 하네요시간의 차이가 오래된 만큼전편으로 부터 8년이 지난 후의 이야기를담을 예정이라고 하는데요전편에 출연한샘 워싱턴,조 샐다나,시고니 위버,스티븐 랭,클리프커티스,조엘 무어 등이 그대로 출연합니다.마블,DC의 영향인지괴수유니버스나 다크 유니버스, TFCU등아바타 역시 새로운 세계관이 열리는건가요~스크린의 혁명이라고 불릴만큼3d 또한 환상적이었는데요아바타2 역시3d에 최적화되겠지만무엇보다 혁신적인 점은,안경 없이 볼 수 있는 3d 영화를 만들겠다고 한제임스 카메론의 말때문입니다.2020년 12월 18일 개봉예정인 아바타2를시작으로3편은 2021년 12월 17일, 4편은 2024년 12월 20일5편은 2025년 12월 19일 개봉예정입니다.다른 영화 해석 후기 OST#박열 실화 의미 후기 해석 리뷰#군함도실화#영화 박열 실화 사건 관동대지진 조선인학살 Anarchist from Colony | 달빛뮤즈#택시운전사 프롤로그: 대통령의 죽음 그리고 5.18 #영화 옥자 Okja 리얼 후기 리뷰 #트랜스포머 최후의 기사 TFCU & 더 재미있게 볼 수 있는 5가지#트랜스포머 최후의 기사 누구의 책임인가 후기  #원더우먼 최초최고 원더우먼후기(WonderWomanReview리뷰) #블레이드 러너 2049  의문9. 배우 감독 오리지널간단비교#블레이드 러너 2049 15가지 의문 예고편 해석 Blade Runner 2049 Trailer 4K UHD#블레이드 러너  세계 10대 SF  20세기 SF 명작  #킹스맨 골든서클 예고편 캐릭터 분석 Kingsman The Golden Circle#저스티스리그원작 캐릭터 예고편분석 
"
69,[BIFF]사회적 메시지 전하는 게 영화인이 할 일,thed****,"
2009년 12월 개봉해 국내에서 1,333만 명의 관객을 동원한 영화 <아바타>의 후속작이 지난 6일, 부산국제영화제에서 살짝 공개됐다.기자는 물론 일반 관객에게도 총 18분 분량의 ‘풋티지 영장’이 공개돼 뜨거운 관심을 불러 일으켰다.상영 현장에는 존 랜도 프로듀서가 직접 참석했고, 제임스 카메론 감독도 화상으로 참석해 관객들의 질문에 답했다.풋티지 상영 후에는 별도로 존 랜도 프로듀서의 기자회견이 열리기도 했다.이날 공개된 영상은 대부분 수중 장면이었는데, 3D 버전으로 보니 말 그대로 ‘환상적’이었다.이에 대해 제임스 카메론 감독은 본인이 스쿠버 다이버로서 바다를 사랑하기도 하고, 바다 생태계에 우리가 어떻게 영향을 끼치는지 보여주고 싶었다고 말했다.또 존 랜도 프로듀서는 그동안 기술의 발달로 최상의 기술로 최선을 다해 최고 수준의 작업물이 나왔다며, 이 영화의 메시지는 한 가지가 아니고 환경이나 난민 등 여러 메시지를 담고 있는데 SF라는 재미있는 장르를 통해 자연스레 전달할 수 있다고 생각한다며 영화인으로서 이런 메시지를 이야기해야 한다고 생각한다고 말했다.이와 더불어 한국에서 가장 먼저 <아바타: 물의 길>을 선보인데 대해 부산국제영화제는 이제 명실공히 세계적 영화제로 발돋움했기 때문이라고 말했다.또 이번엔 기존 나비족 외에 ‘메타예나’라는 종족이 새로 등장한다며, 가슴이 크고 폐활량이 크고, 수중 생활에 적합한 신체 구조를 가진 종족이라며 기존 종족에 새롭게 추가 등장한다고 설명했다.아울러, 전작에서 나비족이 사용하는 새로운 언어가 등장한데 대해 초반부에 나비족 언어가 등장하지만 주인공이 “이젠 나비족의 언어가 영어처럼 들리기 시작했다”고 내레이션을 하면서 곧바로 영어로 이어진다며서도, 전문가들이 이번에 나비족의 방언과 수어도 개발했다고 밝히기도 했다.제임스 카메론 감독의 영화 <아바타:물의 길>은 12월에 개봉할 예정이다./마이스타 이경헌 기자기사 원문보기 http://www.mystar.ne.kr/archives/10862[마이스타] [BIFF]사회적 메시지 전하는 게 영화인이 할 일영화 의 존 랜도 프로듀서 / 부산국제영화제 제공 2009년 12월 개봉해 국내에서 1,333만 명의 관객을 동원한 영화 의 후속작이 지난 6일, 부산국제...www.mystar.ne.kr


아바타: 물의 길

감독
제임스 카메론
출연
시고니 위버, 스티븐 랭, 조 샐다나, 샘 워싱턴, 우나 채플린, 케이트 윈슬렛, 지오바니 ...
개봉
미국

리뷰보기

 
"
70,"<아바타> 시퀄, 올봄 뉴질랜드에서 라이브 액션 촬영 시작!!!",c106****,"
     역대 월드와이드 최고 흥행 기록(※27억8,796만불)을 가지고 있는 <아바타>(2009)의 시퀄이 올봄부터 본격적으로 라이브 액션 촬영을 시작한다는 소식입니다.■ 역대 월드와이드 흥행 TOP 10 ※ 본 포스팅에 사용된 데이터는 IMDB, BOX OFFICE MOJO, ROTTEN TOMATOES, METACRITIC, 한국영화진흥위원회 통합전산망을 참고한 것입니다.※ 이해를 돕기 위해 로튼토마토 지수의 경우, 'CERTIFIED FRESH' 등급은 오렌지색, 'FRESH' 등급은 빨간색, 'ROTTEN' 등급은 초록색으로 하이라이트 처리하였습니다. (※참고로, CERTIFIED FRESH > FRESH > ROTTEN 순으로 높은 등급이며, CERTIFIED FRESH 등급은 5명 이상의 TOP CRITIC(※쉽게 말해, 메이저 언론사 소속의 평론가)이 포함되 80명(※제한상영은 40명) 이상의 평론가가 평가한 토마토미터가 75% 이상일 경우 부여됩니다. 일단 한 번 CERTIFIED FRESH 등급이 부여되고 나면, 토마토미터가 70% 미만으로 떨어지기 전까지 CERTIFIED FRESH 등급이 유지됩니다.)※ 한국영화진흥위원회 통합전산망이 구축되기 전에 개봉한 작품은 전국 데이터가 없는 관계로 서울관객(S)만 표기하였습니다.※ 본 포스팅에 사용된 해외 데이터는 2월 6일까지, 국내 데이터는 2월 7일까지 집계된 것이며, 개봉일은 북미 기준입니다.     제임스 카메론 감독과 <타이타닉>(1997), <아바타>, <알리타: 배틀 엔젤>(2019)을 함께 제작했으며, <아바타> 5부작 프로젝트에서도 제임스 카메론 감독의 믿음직한 파트너로써 협업하고 있는 프로듀서 조 랜다우는 북미 영화 전문 매체 콜라이더(COLLIDER)와의 인터뷰에서 <아바타> 시퀄에 대한 새로운 소식들을 공개했다고 하는데요.     콜라이더가 주최한 <알리타: 배틀 엔젤> 아이맥스 Q&A 행사에 참석한 조 랜다우는 ""(제임스 카메론 감독이 작년 11월 14일, 자신의 트위터를 통해 알렸던 것처럼) <아바타 2>와 <아바타 3>의 주요 모션 캡처 촬영은 모두 완료된 상태며, 올해 봄부터 뉴질랜드에서 라이브 액션 촬영을 진행할 계획이다.""라고 밝혔는데요.     이에 덧붙여 조 랜다우는 인기 메디컬 블랙코미디 드라마 <널스 재키>로 잘 알려져 있는 배우 에디 팔코가 거대 다국적 기업 RDA(Resources Development Administration)의 지휘관 알드모어 장군 역을 맡아 <아바타> 시리즈에 새롭게 합류하게 되었다는 소식을 전했죠.     조 랜다우의 말에 따르면, 제임스 카메론 감독은 모든 사람들이 마땅히 남성이 맡아야 잘 어울릴 것이라 생각하는 포지션에 카리스마 넘치는 여성 캐릭터를 등장시키고 싶어했고, 그와 같은 맥락에서 에디 팔코가 RDA의 리더 알드모어 장군으로 캐스팅된 것이라고 하네요.     또한 조 랜다우는 <아바타> 5부작이 기본적으로는 모두 판도라 행성을 배경으로 전개될 것이라고 밝혔는데요.     지구에도 자연환경에 따라 서로 다른 인종들이 다양한 문화권을 형성한 채 살아가고 있는 것과 마찬가지로, <아바타> 시리즈에서도 1편에 등장했던 오마티카야 부족뿐만 아니라, 판도라 행성 곳곳에서 각기 다른 형태로 살아가고 있는 다양한 부족들의 이야기를 다루는 방식으로 전개될 것이라고 하네요.     그와 더불어 조 랜다우는 출연배우들이 자신의 캐릭터를 완벽히 이해하고 연기할 수 있도록 하기 위해, 이미 <아바타> 5부작의 시나리오 또한 모두 완성된 상태라고 밝혔는데요.     과연, 제이스 카메론 감독이 이번에도 또 한 번의 영화 혁명을 불러일으킬 수 있을지, 귀추가 주목되네요.     북미 현지 기준으로 <아바타 2>는 2020년 12월 18일, <아바타 3>는 2021년 12월 17일, <아바타 4>와 <아바타 5>는 각각 2023년과 2024년, 각각 개봉 예정입니다.※ 참고 기사COLLIDER, Exclusive: 'Avatar' Sequels Begin Filming Live-Action Sequences This Spring in New Zealand,http://collider.com/avatar-sequels-filming-live-action/#images 
"
